"Transaction ID","Date","Transaction Type","Currency","Amount","Fee","Net Amount","Asset Type","Asset Price","Asset Amount","Status","Notes","Name of sender/receiver","Account"
"jn9ypp","2023-07-09 18:26:22 PDT","Bitcoin Sale","USD","$749.68","-$13.14","$736.54","BTC","$30,107.63","0.0249","COMPLETED","sale of BTC 0.0249","","Your Cash"
"4qbgn4","2023-07-09 18:20:11 PDT","Bitcoin Deposit","USD","$748.51","$0","$748.51","BTC","$30,060.86","0.0249","COMPLETED","Bitcoin Credit","","Your Cash"
"am5pdk","2023-03-07 09:48:01 PST","Bitcoin Sale","USD","$75.90","-$1.71","$74.19","BTC","$22,323.53","0.00340000","COMPLETED","sale of BTC 0.00340000","","Your Cash"
"smz5i2","2023-03-06 19:58:40 PST","Bitcoin Deposit","USD","$76.35","$0","$76.35","BTC","$22,458.12","0.0034","COMPLETED","Bitcoin Credit","","Your Cash"
"2bbbaa","2023-01-29 14:09:01 PST","Bitcoin Sale","USD","$16.91","-$0.38","$16.53","BTC","$23,790.10","0.00071080","COMPLETED","sale of BTC 0.00071080","","Your Cash"
"viyjzc","2023-01-29 13:57:02 PST","Bitcoin Sale","USD","$6","-$0.18","$5.82","BTC","$23,806.69","0.00025203","COMPLETED","sale of BTC 0.00025203","","Your Cash"
"zg8916","2023-01-29 13:49:37 PST","Bitcoin Sale","USD","$10","-$0.22","$9.78","BTC","$23,793.10","0.00042029","COMPLETED","sale of BTC 0.00042029","","Your Cash"
"b9v5ee","2023-01-29 13:18:52 PST","Bitcoin Sale","USD","$10","-$0.22","$9.78","BTC","$23,711.85","0.00042173","COMPLETED","sale of BTC 0.00042173","","Your Cash"
"4md5c6","2023-01-29 08:18:14 PST","Bitcoin Sale","USD","$60","-$1.35","$58.65","BTC","$23,545.85","0.00254822","COMPLETED","sale of BTC 0.00254822","","Your Cash"
"gmpxst","2023-01-29 03:17:30 PST","Bitcoin Deposit","USD","$100.62","$0","$100.62","BTC","$23,400.16","0.0043","COMPLETED","Bitcoin Credit","","Your Cash"
"ytkb5d","2023-01-28 10:20:06 PST","Bitcoin Buy","USD","-$0.28","$0","-$0.28","BTC","$23,026.32","0.00001216","COMPLETED","Round Ups: purchase of BTC 0.00001216","","Your Cash"
"xjqs90","2023-01-27 23:51:34 PST","Bitcoin Buy","USD","-$0.17","$0","-$0.17","BTC","$22,972.97","0.00000740","COMPLETED","Round Ups: purchase of BTC 0.00000740","","Your Cash"
"q2iii1","2023-01-27 23:41:46 PST","Bitcoin Buy","USD","-$0.17","$0","-$0.17","BTC","$23,004.06","0.00000739","COMPLETED","Round Ups: purchase of BTC 0.00000739","","Your Cash"
"9zr5rh","2023-01-27 23:33:52 PST","Bitcoin Buy","USD","-$0.17","$0","-$0.17","BTC","$22,972.97","0.00000740","COMPLETED","Round Ups: purchase of BTC 0.00000740","","Your Cash"
"9upikg","2023-01-26 03:57:10 PST","Bitcoin Buy","USD","-$0.40","$0","-$0.40","BTC","$22,975.30","0.00001741","COMPLETED","Round Ups: purchase of BTC 0.00001741","","Your Cash"
"tvo7n0","2023-01-26 02:21:38 PST","Bitcoin Buy","USD","-$0.03","$0","-$0.03","BTC","$22,900.76","0.00000131","COMPLETED","Round Ups: purchase of BTC 0.00000131","","Your Cash"
"nuhyw6","2023-01-25 13:30:33 PST","Bitcoin Sale","USD","$3.42","-$0.10","$3.32","BTC","$22,980.78","0.00014882","COMPLETED","sale of BTC 0.00014882","","Your Cash"
"nf7iel","2023-01-24 23:16:55 PST","Bitcoin Buy","USD","-$0.99","$0","-$0.99","BTC","$22,727.27","0.00004356","COMPLETED","Round Ups: purchase of BTC 0.00004356","","Your Cash"
"0ip2yo","2023-01-24 23:16:09 PST","Bitcoin Buy","USD","-$0.94","$0","-$0.94","BTC","$22,727.27","0.00004136","COMPLETED","Round Ups: purchase of BTC 0.00004136","","Your Cash"
"azaa3c","2023-01-24 13:44:30 PST","Bitcoin Buy","USD","-$0.16","$0","-$0.16","BTC","$22,988.51","0.00000696","COMPLETED","Round Ups: purchase of BTC 0.00000696","","Your Cash"
"p4glzt","2023-01-24 13:38:55 PST","Bitcoin Buy","USD","-$0.63","$0","-$0.63","BTC","$23,001.10","0.00002739","COMPLETED","Round Ups: purchase of BTC 0.00002739","","Your Cash"
"emjlbt","2023-01-24 13:36:33 PST","Bitcoin Buy","USD","-$0.68","$0","-$0.68","BTC","$23,011.84","0.00002955","COMPLETED","Round Ups: purchase of BTC 0.00002955","","Your Cash"
"x955bz","2023-01-24 13:36:06 PST","Bitcoin Sale","USD","$97.74","-$2.21","$95.53","BTC","$23,019.20","0.00424602","COMPLETED","sale of BTC 0.00424602","","Your Cash"
"kjgy40","2023-01-23 22:50:40 PST","Bitcoin Buy","USD","-$97.74","-$2.26","-$100","BTC","$23,114.09","0.00422859","COMPLETED","purchase of BTC 0.00422859","","Your Cash"
"iug2zz","2023-01-23 14:45:57 PST","Bitcoin Buy","USD","-$0.40","$0","-$0.40","BTC","$22,948.94","0.00001743","COMPLETED","Round Ups: purchase of BTC 0.00001743","","Your Cash"
"j64k8u","2023-01-23 14:20:33 PST","Bitcoin Sale","USD","$5.49","-$0.16","$5.33","BTC","$22,953.42","0.00023918","COMPLETED","sale of BTC 0.00023918","","Your Cash"
"s9kfr1","2023-01-23 03:17:04 PST","Bitcoin Buy","USD","-$0.18","$0","-$0.18","BTC","$22,900.76","0.00000786","COMPLETED","Round Ups: purchase of BTC 0.00000786","","Your Cash"
"30xwph00g","2023-01-22 23:02:23 PST","Bitcoin Received P2P","USD","$5.26","$0","$5.26","BTC","$22,781.65","0.00023132","PAYMENT DEPOSITED",,"Edward Dean","Your Cash"
"s80ewt","2023-01-22 09:57:41 PST","Bitcoin Sale","USD","$2.74","-$0.08","$2.66","BTC","$22,913.53","0.00011958","COMPLETED","sale of BTC 0.00011958","","Your Cash"
"2sd0q1","2023-01-22 04:48:49 PST","Bitcoin Buy","USD","-$0.30","$0","-$0.30","BTC","$22,813.69","0.00001315","COMPLETED","Round Ups: purchase of BTC 0.00001315","","Your Cash"
"j8dnr0","2023-01-22 03:32:54 PST","Bitcoin Buy","USD","-$0.28","$0","-$0.28","BTC","$22,782.75","0.00001229","COMPLETED","Round Ups: purchase of BTC 0.00001229","","Your Cash"
"h8mcqe","2023-01-22 00:25:51 PST","Bitcoin Buy","USD","-$0.52","$0","-$0.52","BTC","$22,877.25","0.00002273","COMPLETED","Round Ups: purchase of BTC 0.00002273","","Your Cash"
"tlz42f","2023-01-21 23:58:01 PST","Bitcoin Buy","USD","-$0.01","$0","-$0.01","BTC","$22,727.27","4.4E-7","COMPLETED","Round Ups: purchase of BTC 4.4E-7","","Your Cash"
"uivo0x","2023-01-21 19:02:58 PST","Bitcoin Buy","USD","-$0.65","$0","-$0.65","BTC","$22,743.18","0.00002858","COMPLETED","Round Ups: purchase of BTC 0.00002858","","Your Cash"
"voiveb","2023-01-21 04:48:05 PST","Bitcoin Buy","USD","-$0.25","$0","-$0.25","BTC","$22,977.94","0.00001088","COMPLETED","Round Ups: purchase of BTC 0.00001088","","Your Cash"
"bp7ogx","2023-01-21 04:26:01 PST","Bitcoin Buy","USD","-$0.22","$0","-$0.22","BTC","$23,012.55","0.00000956","COMPLETED","Round Ups: purchase of BTC 0.00000956","","Your Cash"
"axb8kf","2023-01-21 03:01:29 PST","Bitcoin Buy","USD","-$0.50","$0","-$0.50","BTC","$22,779.04","0.00002195","COMPLETED","Round Ups: purchase of BTC 0.00002195","","Your Cash"
"cjcd0v","2023-01-20 16:40:13 PST","Bitcoin Sale","USD","$106.73","-$2.14","$104.59","BTC","$22,615.79","0.00471927","COMPLETED","sale of BTC 0.00471927","","Your Cash"
"bz1poa","2023-01-20 05:35:14 PST","Bitcoin Deposit","USD","$99.07","$0","$99.07","BTC","$21,079.50","0.0047","COMPLETED","Bitcoin Credit","","Your Cash"
"j75rnm","2023-01-19 04:28:34 PST","Bitcoin Buy","USD","-$0.40","$0","-$0.40","BTC","$20,757.65","0.00001927","COMPLETED","Round Ups: purchase of BTC 0.00001927","","Your Cash"
"r22afd","2023-01-17 19:25:10 PST","Bitcoin Sale","USD","$4.37","-$0.13","$4.24","BTC","$21,307.72","0.00020509","COMPLETED","sale of BTC 0.00020509","","Your Cash"
"6mo7eu","2023-01-17 19:14:24 PST","Bitcoin Buy","USD","-$3.78","-$0.12","-$3.90","BTC","$21,348.70","0.00017706","COMPLETED","purchase of BTC 0.00017706","","Your Cash"
"2v4vpm","2023-01-14 23:12:59 PST","Bitcoin Buy","USD","-$0.58","$0","-$0.58","BTC","$20,692.12","0.00002803","COMPLETED","Round Ups: purchase of BTC 0.00002803","","Your Cash"
"x71jmy","2023-01-13 14:27:28 PST","Bitcoin Sale","USD","$101.97","-$2.05","$99.92","BTC","$19,948.35","0.00511170","COMPLETED","sale of BTC 0.00511170","","Your Cash"
"qb1h67","2023-01-13 11:10:44 PST","Bitcoin Buy","USD","-$97.74","-$2.26","-$100","BTC","$19,268.26","0.00507259","COMPLETED","purchase of BTC 0.00507259","","Your Cash"
"qywv4r","2023-01-13 06:19:27 PST","Bitcoin Buy","USD","-$0.74","$0","-$0.74","BTC","$18,920.99","0.00003911","COMPLETED","Round Ups: purchase of BTC 0.00003911","","Your Cash"
"0pj4fa","2023-01-11 21:14:01 PST","Bitcoin Sale","USD","$131.65","-$2.63","$129.02","BTC","$18,225.46","0.00722341","COMPLETED","sale of BTC 0.00722341","","Your Cash"
"ptbp1n","2023-01-11 10:05:53 PST","Bitcoin Sale","USD","$60","-$1.35","$58.65","BTC","$17,404.98","0.00344729","COMPLETED","sale of BTC 0.00344729","","Your Cash"
"fd6is8","2023-01-10 17:56:05 PST","Bitcoin Buy","USD","-$186.19","-$3.81","-$190","BTC","$17,460.14","0.01066372","COMPLETED","purchase of BTC 0.01066372","","Your Cash"
"m1smep","2023-01-09 19:50:50 PST","Bitcoin Buy","USD","-$0.12","$0","-$0.12","BTC","$17,191.98","0.00000698","COMPLETED","Round Ups: purchase of BTC 0.00000698","","Your Cash"
"j1mroc","2023-01-09 19:38:23 PST","Bitcoin Sale","USD","$1.19","-$0.04","$1.15","BTC","$17,144.50","0.00006941","COMPLETED","sale of BTC 0.00006941","","Your Cash"
"bwqi3s","2023-01-09 10:33:12 PST","Bitcoin Buy","USD","-$0.03","$0","-$0.03","BTC","$17,341.04","0.00000173","COMPLETED","Round Ups: purchase of BTC 0.00000173","","Your Cash"
"34czz6","2023-01-09 09:47:33 PST","Bitcoin Buy","USD","-$0.60","$0","-$0.60","BTC","$17,331.02","0.00003462","COMPLETED","Round Ups: purchase of BTC 0.00003462","","Your Cash"
"zhrivw","2023-01-09 06:22:06 PST","Bitcoin Buy","USD","-$0.57","$0","-$0.57","BTC","$17,241.38","0.00003306","COMPLETED","Round Ups: purchase of BTC 0.00003306","","Your Cash"
"lfo1rd","2023-01-06 20:27:18 PST","Bitcoin Sale","USD","$3.23","-$0.10","$3.13","BTC","$16,924.29","0.00019085","COMPLETED","sale of BTC 0.00019085","","Your Cash"
"colq84","2023-01-06 17:09:41 PST","Bitcoin Buy","USD","-$0.75","$0","-$0.75","BTC","$16,964.49","0.00004421","COMPLETED","Round Ups: purchase of BTC 0.00004421","","Your Cash"
"zsap1k","2023-01-06 16:44:46 PST","Bitcoin Buy","USD","-$0.52","$0","-$0.52","BTC","$16,960.21","0.00003066","COMPLETED","Round Ups: purchase of BTC 0.00003066","","Your Cash"
"s6obw3","2023-01-06 11:05:15 PST","Bitcoin Buy","USD","-$0.44","$0","-$0.44","BTC","$16,845.33","0.00002612","COMPLETED","Round Ups: purchase of BTC 0.00002612","","Your Cash"
"kcl74l","2023-01-05 11:33:53 PST","Bitcoin Buy","USD","-$0.63","$0","-$0.63","BTC","$16,826.92","0.00003744","COMPLETED","Round Ups: purchase of BTC 0.00003744","","Your Cash"
"pysuy4","2023-01-05 10:43:20 PST","Bitcoin Buy","USD","-$0.01","$0","-$0.01","BTC","$16,949.15","5.9E-7","COMPLETED","Round Ups: purchase of BTC 5.9E-7","","Your Cash"
"0mb4sj","2023-01-05 07:07:32 PST","Bitcoin Buy","USD","-$0.01","$0","-$0.01","BTC","$16,949.15","5.9E-7","COMPLETED","Round Ups: purchase of BTC 5.9E-7","","Your Cash"
"8h8f2l","2023-01-05 06:40:55 PST","Bitcoin Buy","USD","-$0.86","$0","-$0.86","BTC","$16,783.76","0.00005124","COMPLETED","Round Ups: purchase of BTC 0.00005124","","Your Cash"
"cjzss8","2023-01-03 10:36:55 PST","Bitcoin Sale","USD","$2.87","-$0.09","$2.78","BTC","$16,597.27","0.00017292","COMPLETED","sale of BTC 0.00017292","","Your Cash"
"vhuzyr","2023-01-03 08:32:18 PST","Bitcoin Buy","USD","-$0.52","$0","-$0.52","BTC","$16,634.68","0.00003126","COMPLETED","Round Ups: purchase of BTC 0.00003126","","Your Cash"
"mdq4xd","2023-01-03 08:31:36 PST","Bitcoin Buy","USD","-$0.60","$0","-$0.60","BTC","$16,638.94","0.00003606","COMPLETED","Round Ups: purchase of BTC 0.00003606","","Your Cash"
"4385e5","2023-01-03 08:31:30 PST","Bitcoin Buy","USD","-$0.99","$0","-$0.99","BTC","$16,638.66","0.00005950","COMPLETED","Round Ups: purchase of BTC 0.00005950","","Your Cash"
"x3o03j","2023-01-02 10:37:11 PST","Bitcoin Buy","USD","-$0.77","$0","-$0.77","BTC","$16,702.82","0.00004610","COMPLETED","Round Ups: purchase of BTC 0.00004610","","Your Cash"
"r0mcu7","2022-12-31 10:46:42 PST","Bitcoin Sale","USD","$2.48","-$0.07","$2.41","BTC","$16,508.02","0.00015023","COMPLETED","sale of BTC 0.00015023","","Your Cash"
"6bgrvr","2022-12-31 09:33:26 PST","Bitcoin Buy","USD","-$0.26","$0","-$0.26","BTC","$16,571.06","0.00001569","COMPLETED","Round Ups: purchase of BTC 0.00001569","","Your Cash"
"mmyh77","2022-12-31 07:50:46 PST","Bitcoin Buy","USD","-$0.50","$0","-$0.50","BTC","$16,589.25","0.00003014","COMPLETED","Round Ups: purchase of BTC 0.00003014","","Your Cash"
"segvkp","2022-12-31 06:24:28 PST","Bitcoin Buy","USD","-$0.83","$0","-$0.83","BTC","$16,616.62","0.00004995","COMPLETED","Round Ups: purchase of BTC 0.00004995","","Your Cash"
"8upqfd","2022-12-30 11:34:22 PST","Bitcoin Buy","USD","-$0.03","$0","-$0.03","BTC","$16,574.59","0.00000181","COMPLETED","Round Ups: purchase of BTC 0.00000181","","Your Cash"
"djcn4n","2022-12-30 09:34:17 PST","Bitcoin Buy","USD","-$0.87","$0","-$0.87","BTC","$16,527.36","0.00005264","COMPLETED","Round Ups: purchase of BTC 0.00005264","","Your Cash"
"gpv4f2","2022-12-29 17:03:22 PST","Bitcoin Sale","USD","$71.12","-$1.60","$69.52","BTC","$16,623.50","0.00427828","COMPLETED","sale of BTC 0.00427828","","Your Cash"
"gda5jg","2022-12-29 13:44:52 PST","Bitcoin Deposit","USD","$69.72","$0","$69.72","BTC","$16,600.89","0.0042","COMPLETED","Bitcoin Credit","","Your Cash"
"3sasnm","2022-12-29 11:54:48 PST","Bitcoin Buy","USD","-$0.12","$0","-$0.12","BTC","$16,597.51","0.00000723","COMPLETED","Round Ups: purchase of BTC 0.00000723","","Your Cash"
"b9bt50","2022-12-29 10:10:47 PST","Bitcoin Buy","USD","-$0.04","$0","-$0.04","BTC","$16,597.51","0.00000241","COMPLETED","Round Ups: purchase of BTC 0.00000241","","Your Cash"
"y9b7hq","2022-12-29 09:56:24 PST","Bitcoin Buy","USD","-$0.66","$0","-$0.66","BTC","$16,612.13","0.00003973","COMPLETED","Round Ups: purchase of BTC 0.00003973","","Your Cash"
"w7yts1","2022-12-29 09:37:28 PST","Bitcoin Buy","USD","-$0.34","$0","-$0.34","BTC","$16,601.56","0.00002048","COMPLETED","Round Ups: purchase of BTC 0.00002048","","Your Cash"
"jpuoxf","2022-12-29 09:36:36 PST","Bitcoin Buy","USD","-$0.14","$0","-$0.14","BTC","$16,607.35","0.00000843","COMPLETED","Round Ups: purchase of BTC 0.00000843","","Your Cash"
"u91nzm","2022-12-28 14:50:21 PST","Bitcoin Sale","USD","$1.52","-$0.05","$1.47","BTC","$16,446.66","0.00009242","COMPLETED","sale of BTC 0.00009242","","Your Cash"
"yy7edg","2022-12-28 09:15:47 PST","Bitcoin Buy","USD","-$0.03","$0","-$0.03","BTC","$16,574.59","0.00000181","COMPLETED","Round Ups: purchase of BTC 0.00000181","","Your Cash"
"v0un7o","2022-12-28 08:25:07 PST","Bitcoin Buy","USD","-$0.98","$0","-$0.98","BTC","$16,598.92","0.00005904","COMPLETED","Round Ups: purchase of BTC 0.00005904","","Your Cash"
"rtgts4","2022-12-27 08:01:19 PST","Bitcoin Buy","USD","-$0.20","$0","-$0.20","BTC","$16,792.61","0.00001191","COMPLETED","Round Ups: purchase of BTC 0.00001191","","Your Cash"
"ubufw4","2022-12-27 08:01:10 PST","Bitcoin Buy","USD","-$0.30","$0","-$0.30","BTC","$16,787.91","0.00001787","COMPLETED","Round Ups: purchase of BTC 0.00001787","","Your Cash"
"p8b4sk","2022-12-27 07:54:10 PST","Bitcoin Buy","USD","-$0.01","$0","-$0.01","BTC","$16,666.67","6.0E-7","COMPLETED","Round Ups: purchase of BTC 6.0E-7","","Your Cash"
"u71rsg","2022-12-27 06:47:05 PST","Bitcoin Buy","USD","-$0.01","$0","-$0.01","BTC","$16,666.67","6.0E-7","COMPLETED","Round Ups: purchase of BTC 6.0E-7","","Your Cash"
"k8e3ze","2022-12-27 05:14:22 PST","Bitcoin Buy","USD","-$0.01","$0","-$0.01","BTC","$16,949.15","5.9E-7","COMPLETED","Round Ups: purchase of BTC 5.9E-7","","Your Cash"
"iktjzc","2022-12-26 16:28:16 PST","Bitcoin Sale","USD","$4.41","-$0.13","$4.28","BTC","$16,887.49","0.00026114","COMPLETED","sale of BTC 0.00026114","","Your Cash"
"iet8ip","2022-12-26 08:10:11 PST","Bitcoin Buy","USD","-$0.04","$0","-$0.04","BTC","$16,806.72","0.00000238","COMPLETED","Round Ups: purchase of BTC 0.00000238","","Your Cash"
"b5njo3","2022-12-26 08:10:05 PST","Bitcoin Buy","USD","-$0.92","$0","-$0.92","BTC","$16,812.87","0.00005472","COMPLETED","Round Ups: purchase of BTC 0.00005472","","Your Cash"
"9vb3v9","2022-12-26 08:10:04 PST","Bitcoin Buy","USD","-$0.13","$0","-$0.13","BTC","$16,817.59","0.00000773","COMPLETED","Round Ups: purchase of BTC 0.00000773","","Your Cash"
"q5khoa","2022-12-26 07:41:34 PST","Bitcoin Buy","USD","-$0.22","$0","-$0.22","BTC","$16,806.72","0.00001309","COMPLETED","Round Ups: purchase of BTC 0.00001309","","Your Cash"
"ecgf5r","2022-12-26 07:41:08 PST","Bitcoin Buy","USD","-$0.67","$0","-$0.67","BTC","$16,804.61","0.00003987","COMPLETED","Round Ups: purchase of BTC 0.00003987","","Your Cash"
"s8jjeq","2022-12-26 07:12:27 PST","Bitcoin Buy","USD","-$0.57","$0","-$0.57","BTC","$16,829.05","0.00003387","COMPLETED","Round Ups: purchase of BTC 0.00003387","","Your Cash"
"ccbzui","2022-12-25 08:53:58 PST","Bitcoin Buy","USD","-$0.35","$0","-$0.35","BTC","$16,810.76","0.00002082","COMPLETED","Round Ups: purchase of BTC 0.00002082","","Your Cash"
"y4hbxp","2022-12-25 08:39:29 PST","Bitcoin Buy","USD","-$0.03","$0","-$0.03","BTC","$16,759.78","0.00000179","COMPLETED","Round Ups: purchase of BTC 0.00000179","","Your Cash"
"6sfl8c","2022-12-25 08:21:02 PST","Bitcoin Buy","USD","-$0.54","$0","-$0.54","BTC","$16,791.04","0.00003216","COMPLETED","Round Ups: purchase of BTC 0.00003216","","Your Cash"
"yl2m78","2022-12-25 06:19:19 PST","Bitcoin Buy","USD","-$0.78","$0","-$0.78","BTC","$16,806.72","0.00004641","COMPLETED","Round Ups: purchase of BTC 0.00004641","","Your Cash"
"6zj2gb","2022-12-22 05:44:22 PST","Bitcoin Buy","USD","-$0.05","$0","-$0.05","BTC","$16,778.52","0.00000298","COMPLETED","Round Ups: purchase of BTC 0.00000298","","Your Cash"
"m96mbs","2022-12-20 08:04:06 PST","Bitcoin Buy","USD","-$0.09","$0","-$0.09","BTC","$16,917.29","0.00000532","COMPLETED","Round Ups: purchase of BTC 0.00000532","","Your Cash"
"zub4z2","2022-12-19 14:43:39 PST","Bitcoin Sale","USD","$1.66","-$0.05","$1.61","BTC","$16,335.37","0.00010162","COMPLETED","sale of BTC 0.00010162","","Your Cash"
"8iplxa","2022-12-19 10:01:43 PST","Bitcoin Buy","USD","-$0.99","$0","-$0.99","BTC","$16,594.03","0.00005966","COMPLETED","Round Ups: purchase of BTC 0.00005966","","Your Cash"
"exwnqb","2022-12-18 05:48:00 PST","Bitcoin Buy","USD","-$0.20","$0","-$0.20","BTC","$16,708.44","0.00001197","COMPLETED","Round Ups: purchase of BTC 0.00001197","","Your Cash"
"pyeh5j","2022-12-18 01:18:30 PST","Bitcoin Buy","USD","-$0.01","$0","-$0.01","BTC","$16,666.67","6.0E-7","COMPLETED","Round Ups: purchase of BTC 6.0E-7","","Your Cash"
"us4atu","2022-12-17 05:40:48 PST","Bitcoin Buy","USD","-$0.49","$0","-$0.49","BTC","$16,672.34","0.00002939","COMPLETED","Round Ups: purchase of BTC 0.00002939","","Your Cash"
"658wte","2022-12-15 15:34:02 PST","Bitcoin Sale","USD","$1.17","-$0.04","$1.13","BTC","$17,195.77","0.00006804","COMPLETED","sale of BTC 0.00006804","","Your Cash"
"y4peb3","2022-12-15 08:15:33 PST","Bitcoin Buy","USD","-$0.45","$0","-$0.45","BTC","$17,435.10","0.00002581","COMPLETED","Round Ups: purchase of BTC 0.00002581","","Your Cash"
"gem9cl","2022-12-15 06:20:52 PST","Bitcoin Buy","USD","-$0.74","$0","-$0.74","BTC","$17,523.09","0.00004223","COMPLETED","Round Ups: purchase of BTC 0.00004223","","Your Cash"
"o3mkbj","2022-12-14 15:35:40 PST","Bitcoin Sale","USD","$2.98","-$0.09","$2.89","BTC","$17,746.55","0.00016792","COMPLETED","sale of BTC 0.00016792","","Your Cash"
"c1qw9h","2022-12-13 07:40:36 PST","Bitcoin Buy","USD","-$0.98","$0","-$0.98","BTC","$17,743.98","0.00005523","COMPLETED","Round Ups: purchase of BTC 0.00005523","","Your Cash"
"x74jod","2022-12-13 06:01:08 PST","Bitcoin Buy","USD","-$0.76","$0","-$0.76","BTC","$17,907.63","0.00004244","COMPLETED","Round Ups: purchase of BTC 0.00004244","","Your Cash"
"0cqvog","2022-12-13 06:01:07 PST","Bitcoin Buy","USD","-$0.51","$0","-$0.51","BTC","$17,907.30","0.00002848","COMPLETED","Round Ups: purchase of BTC 0.00002848","","Your Cash"
"63c228","2022-12-12 09:23:53 PST","Bitcoin Buy","USD","-$0.71","$0","-$0.71","BTC","$16,997.85","0.00004177","COMPLETED","Round Ups: purchase of BTC 0.00004177","","Your Cash"
"y93weq","2022-12-11 23:11:43 PST","Bitcoin Sale","USD","$2.33","-$0.07","$2.26","BTC","$16,891.40","0.00013794","COMPLETED","sale of BTC 0.00013794","","Your Cash"
"ooa3jq","2022-12-11 09:19:27 PST","Bitcoin Buy","USD","-$0.96","$0","-$0.96","BTC","$17,167.38","0.00005592","COMPLETED","Round Ups: purchase of BTC 0.00005592","","Your Cash"
"mihput","2022-12-11 06:22:43 PST","Bitcoin Buy","USD","-$0.69","$0","-$0.69","BTC","$17,138.60","0.00004026","COMPLETED","Round Ups: purchase of BTC 0.00004026","","Your Cash"
"qa53rf","2022-12-06 07:26:09 PST","Bitcoin Buy","USD","-$0.10","$0","-$0.10","BTC","$17,006.80","0.00000588","COMPLETED","Round Ups: purchase of BTC 0.00000588","","Your Cash"
"o55p5r","2022-12-06 04:57:58 PST","Bitcoin Buy","USD","-$0.61","$0","-$0.61","BTC","$17,001.11","0.00003588","COMPLETED","Round Ups: purchase of BTC 0.00003588","","Your Cash"
"hk4lwp","2022-12-05 14:50:05 PST","Bitcoin Sale","USD","$2.77","-$0.08","$2.69","BTC","$16,908.80","0.00016382","COMPLETED","sale of BTC 0.00016382","","Your Cash"
"ainqye","2022-12-05 07:54:23 PST","Bitcoin Buy","USD","-$0.63","$0","-$0.63","BTC","$17,068.55","0.00003691","COMPLETED","Round Ups: purchase of BTC 0.00003691","","Your Cash"
"0bplq3","2022-12-04 07:38:44 PST","Bitcoin Buy","USD","-$0.99","$0","-$0.99","BTC","$17,033.72","0.00005812","COMPLETED","Round Ups: purchase of BTC 0.00005812","","Your Cash"
"amtwny","2022-12-04 07:24:02 PST","Bitcoin Buy","USD","-$0.49","$0","-$0.49","BTC","$17,019.80","0.00002879","COMPLETED","Round Ups: purchase of BTC 0.00002879","","Your Cash"
"hjtql5","2022-12-03 23:44:23 PST","Bitcoin Buy","USD","-$0.68","$0","-$0.68","BTC","$17,000","0.00004000","COMPLETED","Round Ups: purchase of BTC 0.00004000","","Your Cash"
"x66icy","2022-12-03 17:45:56 PST","Bitcoin Sale","USD","$3.72","-$0.11","$3.61","BTC","$16,949.92","0.00021947","COMPLETED","sale of BTC 0.00021947","","Your Cash"
"owktrd","2022-12-03 16:22:27 PST","Bitcoin Buy","USD","-$0.31","$0","-$0.31","BTC","$16,949.15","0.00001829","COMPLETED","Round Ups: purchase of BTC 0.00001829","","Your Cash"
"cw77w5","2022-12-03 16:21:50 PST","Bitcoin Buy","USD","-$0.69","$0","-$0.69","BTC","$16,949.15","0.00004071","COMPLETED","Round Ups: purchase of BTC 0.00004071","","Your Cash"
"f5uwvm","2022-12-03 06:05:49 PST","Bitcoin Buy","USD","-$0.11","$0","-$0.11","BTC","$16,949.15","0.00000649","COMPLETED","Round Ups: purchase of BTC 0.00000649","","Your Cash"
"hkj5dl","2022-12-02 10:41:00 PST","Bitcoin Buy","USD","-$0.59","$0","-$0.59","BTC","$16,954.02","0.00003480","COMPLETED","Round Ups: purchase of BTC 0.00003480","","Your Cash"
"bdx4in","2022-12-02 10:06:31 PST","Bitcoin Buy","USD","-$0.53","$0","-$0.53","BTC","$16,943.73","0.00003128","COMPLETED","Round Ups: purchase of BTC 0.00003128","","Your Cash"
"g2gqkx","2022-12-01 07:58:38 PST","Bitcoin Buy","USD","-$0.37","$0","-$0.37","BTC","$16,972.48","0.00002180","COMPLETED","Round Ups: purchase of BTC 0.00002180","","Your Cash"
"xe9xi8","2022-12-01 06:35:24 PST","Bitcoin Buy","USD","-$0.68","$0","-$0.68","BTC","$17,059.71","0.00003986","COMPLETED","Round Ups: purchase of BTC 0.00003986","","Your Cash"
"m3kg7q","2022-11-30 10:07:18 PST","Bitcoin Buy","USD","-$0.10","$0","-$0.10","BTC","$16,778.52","0.00000596","COMPLETED","Round Ups: purchase of BTC 0.00000596","","Your Cash"
"sm2ybl","2022-11-30 10:06:04 PST","Bitcoin Buy","USD","-$0.34","$0","-$0.34","BTC","$16,765.29","0.00002028","COMPLETED","Round Ups: purchase of BTC 0.00002028","","Your Cash"
"5uyd6r","2022-11-29 13:33:26 PST","Bitcoin Sale","USD","$9.07","-$0.27","$8.80","BTC","$16,469.95","0.00055070","COMPLETED","sale of BTC 0.00055070","","Your Cash"
"vcwgxf","2022-11-29 08:25:33 PST","Bitcoin Buy","USD","-$0.81","$0","-$0.81","BTC","$16,373.56","0.00004947","COMPLETED","Round Ups: purchase of BTC 0.00004947","","Your Cash"
"4quouy","2022-11-28 08:51:42 PST","Bitcoin Withdrawal","USD","-$99.98","-$2.21","-$102.19","BTC","$16,179.05","0.00631644","COMPLETED","Withdrawing BTC 0.00617975 with fee BTC 0.00013669.","","Your Cash"
"emmngj","2022-11-28 08:51:04 PST","Bitcoin Buy","USD","-$39.10","-$0.90","-$40","BTC","$16,184.65","0.00241587","COMPLETED","purchase of BTC 0.00241587","","Your Cash"
"3zt7vi","2022-11-28 08:50:41 PST","Bitcoin Sale","USD","$200","-$4.02","$195.98","BTC","$16,187.29","0.01235537","COMPLETED","sale of BTC 0.01235537","","Your Cash"
"tykfnb","2022-11-28 08:43:06 PST","Bitcoin Buy","USD","-$0.52","$0","-$0.52","BTC","$16,169.15","0.00003216","COMPLETED","Round Ups: purchase of BTC 0.00003216","","Your Cash"
"zjlahq","2022-11-27 21:26:36 PST","Bitcoin Sale","USD","$30","-$0.68","$29.32","BTC","$16,162.23","0.00185618","COMPLETED","sale of BTC 0.00185618","","Your Cash"
"sqqr51","2022-11-27 20:02:15 PST","Bitcoin Sale","USD","$106","-$2.13","$103.87","BTC","$16,170.71","0.00655506","COMPLETED","sale of BTC 0.00655506","","Your Cash"
"3xpuvk","2022-11-27 16:27:55 PST","Bitcoin Buy","USD","-$396.89","-$7.11","-$404","BTC","$16,474.86","0.02409064","COMPLETED","purchase of BTC 0.02409064","","Your Cash"
"dy96bo","2022-11-27 02:34:32 PST","Bitcoin Withdrawal","USD","-$118.02","-$2.21","-$120.23","BTC","$16,537.27","0.00727056","COMPLETED","Withdrawing BTC 0.00713667 with fee BTC 0.00013389.","","Your Cash"
"l020n7","2022-11-27 02:33:58 PST","Bitcoin Buy","USD","-$137.19","-$2.81","-$140","BTC","$16,534.04","0.00829743","COMPLETED","purchase of BTC 0.00829743","","Your Cash"
"6610hd","2022-11-25 16:48:36 PST","Bitcoin Buy","USD","-$0.16","$0","-$0.16","BTC","$16,546.02","0.00000967","COMPLETED","Round Ups: purchase of BTC 0.00000967","","Your Cash"
"vrrvt1","2022-11-25 04:25:40 PST","Bitcoin Buy","USD","-$0.15","$0","-$0.15","BTC","$16,538.04","0.00000907","COMPLETED","Round Ups: purchase of BTC 0.00000907","","Your Cash"
"3rmnfb","2022-11-23 11:36:32 PST","Bitcoin Sale","USD","$126.56","-$2.55","$124.01","BTC","$16,435.04","0.00770062","COMPLETED","sale of BTC 0.00770062","","Your Cash"
"o3v7iw","2022-11-23 11:18:54 PST","Bitcoin Deposit","USD","$127.29","$0","$127.29","BTC","$16,531.44","0.0077","COMPLETED","Bitcoin Credit","","Your Cash"
"fdfnls","2022-11-22 08:21:24 PST","Bitcoin Buy","USD","-$0.01","$0","-$0.01","BTC","$16,129.03","6.2E-7","COMPLETED","Round Ups: purchase of BTC 6.2E-7","","Your Cash"
"beil0f","2022-11-20 20:02:17 PST","Bitcoin Sale","USD","$0.79","-$0.02","$0.77","BTC","$15,943.49","0.00004955","COMPLETED","sale of BTC 0.00004955","","Your Cash"
"ywvojt","2022-11-20 08:03:35 PST","Bitcoin Buy","USD","-$0.72","$0","-$0.72","BTC","$16,555.53","0.00004349","COMPLETED","Round Ups: purchase of BTC 0.00004349","","Your Cash"
"iqclcg","2022-11-20 04:54:17 PST","Bitcoin Buy","USD","-$0.10","$0","-$0.10","BTC","$16,501.65","0.00000606","COMPLETED","Round Ups: purchase of BTC 0.00000606","","Your Cash"
"dmaij4","2022-11-19 17:26:40 PST","Bitcoin Sale","USD","$76.88","-$1.74","$75.14","BTC","$16,690.19","0.00460630","COMPLETED","sale of BTC 0.00460630","","Your Cash"
"i8xqhp","2022-11-19 05:12:08 PST","Bitcoin Buy","USD","-$0.74","$0","-$0.74","BTC","$16,629.21","0.00004450","COMPLETED","Round Ups: purchase of BTC 0.00004450","","Your Cash"
"tk90ks","2022-11-19 05:11:58 PST","Bitcoin Buy","USD","-$0.40","$0","-$0.40","BTC","$16,632.02","0.00002405","COMPLETED","Round Ups: purchase of BTC 0.00002405","","Your Cash"
"l5u0yu","2022-11-18 15:54:19 PST","Bitcoin Sale","USD","$25","-$0.56","$24.44","BTC","$16,687.14","0.00149816","COMPLETED","sale of BTC 0.00149816","","Your Cash"
"ax6y6s","2022-11-18 09:52:34 PST","Bitcoin Sale","USD","$108","-$2.17","$105.83","BTC","$16,569.45","0.00651802","COMPLETED","sale of BTC 0.00651802","","Your Cash"
"2k1825","2022-11-17 23:34:56 PST","Bitcoin Sale","USD","$8","-$0.24","$7.76","BTC","$16,739.20","0.00047792","COMPLETED","sale of BTC 0.00047792","","Your Cash"
"7nav7r","2022-11-17 22:43:17 PST","Bitcoin Withdrawal","USD","-$1,000.06","-$2.31","-$1,002.37","BTC","$16,771.10","0.05976815","COMPLETED","Withdrawing BTC 0.05963029 with fee BTC 0.00013786.","","Your Cash"
"rspi97","2022-11-17 21:43:26 PST","Bitcoin Deposit","USD","$1,222.37","$0","$1,222.37","BTC","$16,790.81","0.0728","COMPLETED","Bitcoin Credit","","Your Cash"
"e9hlo7","2022-11-17 14:44:49 PST","Bitcoin Sale","USD","$1.77","-$0.05","$1.72","BTC","$16,635.34","0.00010640","COMPLETED","sale of BTC 0.00010640","","Your Cash"
"uw2v8f","2022-11-17 09:09:03 PST","Bitcoin Buy","USD","-$0.60","$0","-$0.60","BTC","$16,657.41","0.00003602","COMPLETED","Round Ups: purchase of BTC 0.00003602","","Your Cash"
"8vqp69","2022-11-16 06:58:26 PST","Bitcoin Buy","USD","-$0.95","$0","-$0.95","BTC","$16,447.37","0.00005776","COMPLETED","Round Ups: purchase of BTC 0.00005776","","Your Cash"
"sci62i","2022-11-16 04:59:24 PST","Bitcoin Buy","USD","-$0.21","$0","-$0.21","BTC","$16,640.25","0.00001262","COMPLETED","Round Ups: purchase of BTC 0.00001262","","Your Cash"
"1bomre","2022-11-15 14:21:55 PST","Bitcoin Sale","USD","$3.36","-$0.10","$3.26","BTC","$16,852.24","0.00019938","COMPLETED","sale of BTC 0.00019938","","Your Cash"
"frawre","2022-11-15 05:13:18 PST","Bitcoin Buy","USD","-$0.49","$0","-$0.49","BTC","$16,861.67","0.00002906","COMPLETED","Round Ups: purchase of BTC 0.00002906","","Your Cash"
"e1ynua","2022-11-14 16:57:24 PST","Bitcoin Buy","USD","-$0.39","$0","-$0.39","BTC","$16,546.46","0.00002357","COMPLETED","Round Ups: purchase of BTC 0.00002357","","Your Cash"
"txrvru","2022-11-14 09:13:06 PST","Bitcoin Buy","USD","-$0.44","$0","-$0.44","BTC","$16,504.13","0.00002666","COMPLETED","Round Ups: purchase of BTC 0.00002666","","Your Cash"
"lnygf3","2022-11-14 09:12:30 PST","Bitcoin Buy","USD","-$0.71","$0","-$0.71","BTC","$16,500.12","0.00004303","COMPLETED","Round Ups: purchase of BTC 0.00004303","","Your Cash"
"ibubee","2022-11-14 08:16:53 PST","Bitcoin Buy","USD","-$0.42","$0","-$0.42","BTC","$16,419.08","0.00002558","COMPLETED","Round Ups: purchase of BTC 0.00002558","","Your Cash"
"2gtch1","2022-11-13 11:24:01 PST","Bitcoin Buy","USD","-$0.85","$0","-$0.85","BTC","$16,511.27","0.00005148","COMPLETED","Round Ups: purchase of BTC 0.00005148","","Your Cash"
"v9oisa","2022-11-12 21:44:00 PST","Bitcoin Sale","USD","$80.48","-$1.82","$78.66","BTC","$16,831.15","0.00478161","COMPLETED","sale of BTC 0.00478161","","Your Cash"
"jaxqop","2022-11-12 21:38:55 PST","Bitcoin Sale","USD","$100","-$2.26","$97.74","BTC","$16,832.15","0.00594101","COMPLETED","sale of BTC 0.00594101","","Your Cash"
"fp3txg","2022-11-12 12:07:54 PST","Bitcoin Sale","USD","$120","-$2.41","$117.59","BTC","$16,857.70","0.00711841","COMPLETED","sale of BTC 0.00711841","","Your Cash"
"vbmxax","2022-11-11 20:36:53 PST","Bitcoin Deposit","USD","$298.84","$0","$298.84","BTC","$16,788.83","0.0178","COMPLETED","Bitcoin Credit","","Your Cash"
"ehdrjz","2022-11-10 08:31:18 PST","Bitcoin Buy","USD","-$0.01","$0","-$0.01","BTC","$17,857.14","5.6E-7","COMPLETED","Round Ups: purchase of BTC 5.6E-7","","Your Cash"
"jyixd5","2022-11-10 05:15:56 PST","Bitcoin Buy","USD","-$0.67","$0","-$0.67","BTC","$16,555.47","0.00004047","COMPLETED","Round Ups: purchase of BTC 0.00004047","","Your Cash"
"8pddhc","2022-11-09 20:14:25 PST","Bitcoin Sale","USD","$60.88","-$1.38","$59.50","BTC","$16,337.70","0.00372635","COMPLETED","sale of BTC 0.00372635","","Your Cash"
"efsahx","2022-11-09 10:59:38 PST","Bitcoin Sale","USD","$62","-$1.42","$60.58","BTC","$16,586.41","0.00373800","COMPLETED","sale of BTC 0.00373800","","Your Cash"
"inttip","2022-11-09 06:47:51 PST","Bitcoin Buy","USD","-$0.68","$0","-$0.68","BTC","$17,722.18","0.00003837","COMPLETED","Round Ups: purchase of BTC 0.00003837","","Your Cash"
"8qhurs","2022-11-09 06:42:22 PST","Bitcoin Buy","USD","-$0.46","$0","-$0.46","BTC","$17,510.47","0.00002627","COMPLETED","Round Ups: purchase of BTC 0.00002627","","Your Cash"
"shscvj","2022-11-09 05:23:17 PST","Bitcoin Sale","USD","$130","-$2.63","$127.37","BTC","$17,477.53","0.00743812","COMPLETED","sale of BTC 0.00743812","","Your Cash"
"i58twd","2022-11-09 05:04:02 PST","Bitcoin Buy","USD","-$0.18","$0","-$0.18","BTC","$17,647.06","0.00001020","COMPLETED","Round Ups: purchase of BTC 0.00001020","","Your Cash"
"0h5u2n","2022-11-08 21:40:47 PST","Bitcoin Deposit","USD","$272.07","$0","$272.07","BTC","$18,383.54","0.0148","COMPLETED","Bitcoin Credit","","Your Cash"
"hl8no0","2022-11-08 17:21:54 PST","Bitcoin Buy","USD","-$0.51","$0","-$0.51","BTC","$18,458.20","0.00002763","COMPLETED","Round Ups: purchase of BTC 0.00002763","","Your Cash"
"jlnxtc","2022-11-08 17:09:41 PST","Bitcoin Sale","USD","$59.88","-$1.36","$58.52","BTC","$18,398.46","0.00325462","COMPLETED","sale of BTC 0.00325462","","Your Cash"
"9ngowm","2022-11-08 15:15:51 PST","Bitcoin Sale","USD","$20","-$0.45","$19.55","BTC","$18,528.13","0.00107944","COMPLETED","sale of BTC 0.00107944","","Your Cash"
"39l7e2","2022-11-08 13:43:18 PST","Bitcoin Buy","USD","-$0.67","$0","-$0.67","BTC","$18,508.29","0.00003620","COMPLETED","Round Ups: purchase of BTC 0.00003620","","Your Cash"
"x9c3d7","2022-11-08 11:18:10 PST","Bitcoin Sale","USD","$26","-$0.59","$25.41","BTC","$18,536.74","0.00140262","COMPLETED","sale of BTC 0.00140262","","Your Cash"
"v4wdjb","2022-11-07 21:16:47 PST","Bitcoin Deposit","USD","$111.67","$0","$111.67","BTC","$19,592.46","0.0057","COMPLETED","Bitcoin Credit","","Your Cash"
"zcjiwh","2022-11-07 07:55:42 PST","Bitcoin Buy","USD","-$0.01","$0","-$0.01","BTC","$20,833.33","4.8E-7","COMPLETED","Round Ups: purchase of BTC 4.8E-7","","Your Cash"
"b4y83d","2022-11-05 14:47:15 PDT","Bitcoin Sale","USD","$190.60","-$3.81","$186.79","BTC","$21,347.68","0.00892837","COMPLETED","sale of BTC 0.00892837","","Your Cash"
"mp8sz2","2022-11-05 12:49:03 PDT","Bitcoin Buy","USD","-$0.65","$0","-$0.65","BTC","$21,304.49","0.00003051","COMPLETED","Round Ups: purchase of BTC 0.00003051","","Your Cash"
"daoa5v","2022-11-05 10:48:25 PDT","Bitcoin Sale","USD","$63","-$1.42","$61.58","BTC","$21,332.50","0.00295324","COMPLETED","sale of BTC 0.00295324","","Your Cash"
"07gtp0","2022-11-05 10:18:51 PDT","Bitcoin Deposit","USD","$251.49","$0","$251.49","BTC","$21,313.52","0.0118","COMPLETED","Bitcoin Credit","","Your Cash"
"kwi95f","2022-11-05 09:45:48 PDT","Bitcoin Buy","USD","-$0.49","$0","-$0.49","BTC","$21,322.89","0.00002298","COMPLETED","Round Ups: purchase of BTC 0.00002298","","Your Cash"
"vd46e4","2022-11-05 09:34:49 PDT","Bitcoin Buy","USD","-$0.59","$0","-$0.59","BTC","$21,338.16","0.00002765","COMPLETED","Round Ups: purchase of BTC 0.00002765","","Your Cash"
"t7spwx","2022-11-04 21:51:32 PDT","Bitcoin Buy","USD","-$0.01","$0","-$0.01","BTC","$21,276.60","4.7E-7","COMPLETED","Round Ups: purchase of BTC 4.7E-7","","Your Cash"
"k4w7g2","2022-11-04 17:08:52 PDT","Bitcoin Sale","USD","$2.59","-$0.08","$2.51","BTC","$21,099.80","0.00012275","COMPLETED","sale of BTC 0.00012275","","Your Cash"
"bndz8w","2022-11-04 07:18:07 PDT","Bitcoin Buy","USD","-$0.28","$0","-$0.28","BTC","$20,958.08","0.00001336","COMPLETED","Round Ups: purchase of BTC 0.00001336","","Your Cash"
"pdpe1i","2022-11-03 10:31:39 PDT","Bitcoin Buy","USD","-$0.59","$0","-$0.59","BTC","$20,240.14","0.00002915","COMPLETED","Round Ups: purchase of BTC 0.00002915","","Your Cash"
"1qgtvd","2022-11-03 06:51:09 PDT","Bitcoin Buy","USD","-$0.89","$0","-$0.89","BTC","$20,167.69","0.00004413","COMPLETED","Round Ups: purchase of BTC 0.00004413","","Your Cash"
"3mv1bj","2022-11-02 10:18:24 PDT","Bitcoin Buy","USD","-$0.74","$0","-$0.74","BTC","$20,492.94","0.00003611","COMPLETED","Round Ups: purchase of BTC 0.00003611","","Your Cash"
"wsf3ir","2022-11-01 14:36:30 PDT","Bitcoin Sale","USD","$68.61","-$1.54","$67.07","BTC","$20,462.70","0.00335293","COMPLETED","sale of BTC 0.00335293","","Your Cash"
"a6invr","2022-11-01 12:03:48 PDT","Bitcoin Buy","USD","-$0.03","$0","-$0.03","BTC","$20,408.16","0.00000147","COMPLETED","Round Ups: purchase of BTC 0.00000147","","Your Cash"
"f9z66q","2022-10-31 22:12:27 PDT","Bitcoin Sale","USD","$52","-$1.17","$50.83","BTC","$20,532.75","0.00253254","COMPLETED","sale of BTC 0.00253254","","Your Cash"
"ikhbhr","2022-10-31 15:22:39 PDT","Bitcoin Buy","USD","-$0.70","$0","-$0.70","BTC","$20,473.82","0.00003419","COMPLETED","Round Ups: purchase of BTC 0.00003419","","Your Cash"
"6g2l9c","2022-10-31 15:22:38 PDT","Bitcoin Buy","USD","-$0.97","$0","-$0.97","BTC","$20,472.77","0.00004738","COMPLETED","Round Ups: purchase of BTC 0.00004738","","Your Cash"
"yc49u5","2022-10-31 12:36:16 PDT","Bitcoin Buy","USD","-$0.02","$0","-$0.02","BTC","$20,408.16","9.8E-7","COMPLETED","Round Ups: purchase of BTC 9.8E-7","","Your Cash"
"4j4l4w","2022-10-31 08:47:51 PDT","Bitcoin Buy","USD","-$117.59","-$2.41","-$120","BTC","$20,371.01","0.00577242","COMPLETED","purchase of BTC 0.00577242","","Your Cash"
"t63gpj","2022-10-30 12:32:39 PDT","Bitcoin Buy","USD","-$0.39","$0","-$0.39","BTC","$20,689.66","0.00001885","COMPLETED","Round Ups: purchase of BTC 0.00001885","","Your Cash"
"sksr7t","2022-10-30 10:10:36 PDT","Bitcoin Buy","USD","-$0.21","$0","-$0.21","BTC","$20,628.68","0.00001018","COMPLETED","Round Ups: purchase of BTC 0.00001018","","Your Cash"
"v6ljf0","2022-10-28 12:31:33 PDT","Bitcoin Sale","USD","$0.31","-$0.01","$0.30","BTC","$20,557.03","0.00001508","COMPLETED","sale of BTC 0.00001508","","Your Cash"
"ee2yd4","2022-10-28 12:25:09 PDT","Bitcoin Buy","USD","-$0.31","$0","-$0.31","BTC","$20,557.03","0.00001508","COMPLETED","Round Ups: purchase of BTC 0.00001508","","Your Cash"
"es2u0j","2022-10-28 12:13:30 PDT","Bitcoin Sale","USD","$0.94","-$0.03","$0.91","BTC","$20,591.46","0.00004565","COMPLETED","sale of BTC 0.00004565","","Your Cash"
"g3x7ub","2022-10-28 12:05:36 PDT","Bitcoin Buy","USD","-$0.30","$0","-$0.30","BTC","$20,590.25","0.00001457","COMPLETED","Round Ups: purchase of BTC 0.00001457","","Your Cash"
"atw3pb","2022-10-28 12:05:36 PDT","Bitcoin Buy","USD","-$0.64","$0","-$0.64","BTC","$20,592.02","0.00003108","COMPLETED","Round Ups: purchase of BTC 0.00003108","","Your Cash"
"2ulj5g","2022-10-28 11:32:24 PDT","Bitcoin Sale","USD","$1.46","-$0.04","$1.42","BTC","$20,505.62","0.00007120","COMPLETED","sale of BTC 0.00007120","","Your Cash"
"bh49t4","2022-10-28 11:24:32 PDT","Bitcoin Buy","USD","-$0.98","$0","-$0.98","BTC","$20,653.32","0.00004745","COMPLETED","Round Ups: purchase of BTC 0.00004745","","Your Cash"
"m3fgf8","2022-10-28 09:38:19 PDT","Bitcoin Buy","USD","-$0.40","$0","-$0.40","BTC","$20,682.52","0.00001934","COMPLETED","Round Ups: purchase of BTC 0.00001934","","Your Cash"
"1hcbl4","2022-10-27 13:52:16 PDT","Bitcoin Buy","USD","-$0.09","$0","-$0.09","BTC","$20,408.16","0.00000441","COMPLETED","Round Ups: purchase of BTC 0.00000441","","Your Cash"
"wlu5d0","2022-10-24 15:48:22 PDT","Bitcoin Sale","USD","$6.55","-$0.20","$6.35","BTC","$19,359.22","0.00033834","COMPLETED","sale of BTC 0.00033834","","Your Cash"
"uwynk6","2022-10-24 01:38:16 PDT","Bitcoin Buy","USD","-$0.05","$0","-$0.05","BTC","$19,305.02","0.00000259","COMPLETED","Round Ups: purchase of BTC 0.00000259","","Your Cash"
"g80wr9","2022-10-23 09:07:38 PDT","Bitcoin Buy","USD","-$0.27","$0","-$0.27","BTC","$19,203.41","0.00001406","COMPLETED","Round Ups: purchase of BTC 0.00001406","","Your Cash"
"do2ivm","2022-10-21 05:59:47 PDT","Bitcoin Buy","USD","-$0.37","$0","-$0.37","BTC","$18,877.55","0.00001960","COMPLETED","Round Ups: purchase of BTC 0.00001960","","Your Cash"
"957i0s","2022-10-20 18:36:56 PDT","Bitcoin Buy","USD","-$0.68","$0","-$0.68","BTC","$19,031.63","0.00003573","COMPLETED","Round Ups: purchase of BTC 0.00003573","","Your Cash"
"gvuzb7","2022-10-20 10:54:34 PDT","Bitcoin Buy","USD","-$0.47","$0","-$0.47","BTC","$19,082.42","0.00002463","COMPLETED","Round Ups: purchase of BTC 0.00002463","","Your Cash"
"z5olhf","2022-10-19 05:06:57 PDT","Bitcoin Buy","USD","-$0.23","$0","-$0.23","BTC","$19,166.67","0.00001200","COMPLETED","Round Ups: purchase of BTC 0.00001200","","Your Cash"
"h3pnhr","2022-10-18 19:04:47 PDT","Bitcoin Buy","USD","-$0.85","$0","-$0.85","BTC","$19,305.02","0.00004403","COMPLETED","Round Ups: purchase of BTC 0.00004403","","Your Cash"
"up0o99","2022-10-18 16:18:24 PDT","Bitcoin Buy","USD","-$0.17","$0","-$0.17","BTC","$19,340.16","0.00000879","COMPLETED","Round Ups: purchase of BTC 0.00000879","","Your Cash"
"rcc9od","2022-10-18 16:11:50 PDT","Bitcoin Buy","USD","-$0.19","$0","-$0.19","BTC","$19,348.27","0.00000982","COMPLETED","Round Ups: purchase of BTC 0.00000982","","Your Cash"
"vg5yq1","2022-10-17 14:24:28 PDT","Bitcoin Buy","USD","-$0.01","$0","-$0.01","BTC","$19,607.84","5.1E-7","COMPLETED","Round Ups: purchase of BTC 5.1E-7","","Your Cash"
"ga0kqg","2022-10-17 11:51:36 PDT","Bitcoin Buy","USD","-$0.65","$0","-$0.65","BTC","$19,501.95","0.00003333","COMPLETED","Round Ups: purchase of BTC 0.00003333","","Your Cash"
"vhsezu","2022-10-17 06:33:50 PDT","Bitcoin Buy","USD","-$0.13","$0","-$0.13","BTC","$19,607.84","0.00000663","COMPLETED","Round Ups: purchase of BTC 0.00000663","","Your Cash"
"9pmg2t","2022-10-17 06:33:46 PDT","Bitcoin Buy","USD","-$0.90","$0","-$0.90","BTC","$19,599.30","0.00004592","COMPLETED","Round Ups: purchase of BTC 0.00004592","","Your Cash"
"ehxifh","2022-10-17 05:57:29 PDT","Bitcoin Buy","USD","-$0.35","$0","-$0.35","BTC","$19,531.25","0.00001792","COMPLETED","Round Ups: purchase of BTC 0.00001792","","Your Cash"
"mf9yvk","2022-10-16 10:52:55 PDT","Bitcoin Buy","USD","-$0.55","$0","-$0.55","BTC","$19,137.09","0.00002874","COMPLETED","Round Ups: purchase of BTC 0.00002874","","Your Cash"
"ft82ox","2022-10-15 13:48:46 PDT","Bitcoin Buy","USD","-$0.65","$0","-$0.65","BTC","$19,095.18","0.00003404","COMPLETED","Round Ups: purchase of BTC 0.00003404","","Your Cash"
"kb2pnh","2022-10-15 13:34:17 PDT","Bitcoin Sale","USD","$10.78","-$0.24","$10.54","BTC","$19,078.97","0.00056502","COMPLETED","sale of BTC 0.00056502","","Your Cash"
"elojjn","2022-10-15 11:24:44 PDT","Bitcoin Buy","USD","-$0.35","$0","-$0.35","BTC","$19,125.68","0.00001830","COMPLETED","Round Ups: purchase of BTC 0.00001830","","Your Cash"
"9t7fng","2022-10-14 07:13:27 PDT","Bitcoin Buy","USD","-$0.80","$0","-$0.80","BTC","$19,531.25","0.00004096","COMPLETED","Round Ups: purchase of BTC 0.00004096","","Your Cash"
"lochz4","2022-10-14 04:55:09 PDT","Bitcoin Buy","USD","-$0.42","$0","-$0.42","BTC","$19,607.84","0.00002142","COMPLETED","Round Ups: purchase of BTC 0.00002142","","Your Cash"
"5nrflq","2022-10-13 12:01:21 PDT","Bitcoin Buy","USD","-$0.22","$0","-$0.22","BTC","$19,434.63","0.00001132","COMPLETED","Round Ups: purchase of BTC 0.00001132","","Your Cash"
"kbvnky","2022-10-13 07:06:07 PDT","Bitcoin Buy","USD","-$0.16","$0","-$0.16","BTC","$18,433.18","0.00000868","COMPLETED","Round Ups: purchase of BTC 0.00000868","","Your Cash"
"qkrtdl","2022-10-13 06:25:17 PDT","Bitcoin Buy","USD","-$0.56","$0","-$0.56","BTC","$18,318.61","0.00003057","COMPLETED","Round Ups: purchase of BTC 0.00003057","","Your Cash"
"031p68","2022-10-13 05:06:42 PDT","Bitcoin Buy","USD","-$0.41","$0","-$0.41","BTC","$18,755.72","0.00002186","COMPLETED","Round Ups: purchase of BTC 0.00002186","","Your Cash"
"y69xy6","2022-10-13 05:06:33 PDT","Bitcoin Buy","USD","-$0.86","$0","-$0.86","BTC","$18,756.82","0.00004585","COMPLETED","Round Ups: purchase of BTC 0.00004585","","Your Cash"
"235p4t","2022-10-13 04:42:38 PDT","Bitcoin Buy","USD","-$0.25","$0","-$0.25","BTC","$18,796.99","0.00001330","COMPLETED","Round Ups: purchase of BTC 0.00001330","","Your Cash"
"ugmfi9","2022-10-12 20:12:23 PDT","Bitcoin Buy","USD","-$0.24","$0","-$0.24","BTC","$19,093.08","0.00001257","COMPLETED","Round Ups: purchase of BTC 0.00001257","","Your Cash"
"o9uhmq","2022-10-12 18:51:20 PDT","Bitcoin Buy","USD","-$0.65","$0","-$0.65","BTC","$19,100.79","0.00003403","COMPLETED","Round Ups: purchase of BTC 0.00003403","","Your Cash"
"7ltifj","2022-10-12 15:42:08 PDT","Bitcoin Buy","USD","-$0.90","$0","-$0.90","BTC","$19,165.25","0.00004696","COMPLETED","Round Ups: purchase of BTC 0.00004696","","Your Cash"
"u8j4vh","2022-10-12 09:46:29 PDT","Bitcoin Buy","USD","-$0.57","$0","-$0.57","BTC","$19,095.48","0.00002985","COMPLETED","Round Ups: purchase of BTC 0.00002985","","Your Cash"
"9wx5kl","2022-10-11 21:58:40 PDT","Bitcoin Buy","USD","-$0.19","$0","-$0.19","BTC","$19,095.48","0.00000995","COMPLETED","Round Ups: purchase of BTC 0.00000995","","Your Cash"
"j44q98","2022-10-11 20:03:44 PDT","Bitcoin Buy","USD","-$0.07","$0","-$0.07","BTC","$19,073.57","0.00000367","COMPLETED","Round Ups: purchase of BTC 0.00000367","","Your Cash"
"2db0am","2022-10-09 11:38:49 PDT","Bitcoin Withdrawal","USD","-$50","-$2.03","-$52.03","BTC","$19,480.50","0.00267165","COMPLETED","Withdrawing BTC 0.00256697 with fee BTC 0.00010468.","","Your Cash"
"wnfwoi","2022-10-09 11:37:52 PDT","Bitcoin Buy","USD","-$53.76","-$1.24","-$55","BTC","$19,477.84","0.00276006","COMPLETED","purchase of BTC 0.00276006","","Your Cash"
"ax8mhd","2022-10-09 06:37:02 PDT","Bitcoin Buy","USD","-$0.84","$0","-$0.84","BTC","$19,489.56","0.00004310","COMPLETED","Round Ups: purchase of BTC 0.00004310","","Your Cash"
"usw06x","2022-10-09 05:12:36 PDT","Bitcoin Buy","USD","-$0.34","$0","-$0.34","BTC","$19,484.24","0.00001745","COMPLETED","Round Ups: purchase of BTC 0.00001745","","Your Cash"
"yi7om9","2022-10-08 17:45:01 PDT","Bitcoin Buy","USD","-$0.61","$0","-$0.61","BTC","$19,395.87","0.00003145","COMPLETED","Round Ups: purchase of BTC 0.00003145","","Your Cash"
"v1psgw","2022-10-08 16:25:04 PDT","Bitcoin Buy","USD","-$0.09","$0","-$0.09","BTC","$19,396.55","0.00000464","COMPLETED","Round Ups: purchase of BTC 0.00000464","","Your Cash"
"f6hi44","2022-10-07 15:04:28 PDT","Bitcoin Buy","USD","-$0.31","$0","-$0.31","BTC","$19,570.71","0.00001584","COMPLETED","Round Ups: purchase of BTC 0.00001584","","Your Cash"
"f1058k","2022-10-06 06:48:31 PDT","Bitcoin Buy","USD","-$0.30","$0","-$0.30","BTC","$20,215.63","0.00001484","COMPLETED","Round Ups: purchase of BTC 0.00001484","","Your Cash"
"sh19be","2022-10-05 11:18:08 PDT","Bitcoin Sale","USD","$4.22","-$0.13","$4.09","BTC","$20,148.01","0.00020945","COMPLETED","sale of BTC 0.00020945","","Your Cash"
"dfx8la","2022-10-05 10:45:19 PDT","Bitcoin Buy","USD","-$0.54","$0","-$0.54","BTC","$20,186.92","0.00002675","COMPLETED","Round Ups: purchase of BTC 0.00002675","","Your Cash"
"5vhcqy","2022-10-04 09:26:48 PDT","Bitcoin Buy","USD","-$0.40","$0","-$0.40","BTC","$20,020.02","0.00001998","COMPLETED","Round Ups: purchase of BTC 0.00001998","","Your Cash"
"wg4aex","2022-10-04 08:01:19 PDT","Bitcoin Buy","USD","-$0.05","$0","-$0.05","BTC","$20,080.32","0.00000249","COMPLETED","Round Ups: purchase of BTC 0.00000249","","Your Cash"
"ivfg4c","2022-10-04 04:58:15 PDT","Bitcoin Buy","USD","-$0.94","$0","-$0.94","BTC","$19,944.83","0.00004713","COMPLETED","Round Ups: purchase of BTC 0.00004713","","Your Cash"
"cb2i3n","2022-10-04 04:35:40 PDT","Bitcoin Buy","USD","-$0.50","$0","-$0.50","BTC","$19,904.46","0.00002512","COMPLETED","Round Ups: purchase of BTC 0.00002512","","Your Cash"
"wbpbpg","2022-10-03 07:15:21 PDT","Bitcoin Buy","USD","-$0.43","$0","-$0.43","BTC","$19,256.61","0.00002233","COMPLETED","Round Ups: purchase of BTC 0.00002233","","Your Cash"
"9ut2c2","2022-10-02 21:08:02 PDT","Bitcoin Buy","USD","-$0.85","$0","-$0.85","BTC","$19,139.83","0.00004441","COMPLETED","Round Ups: purchase of BTC 0.00004441","","Your Cash"
"edoleg","2022-10-01 05:07:08 PDT","Bitcoin Buy","USD","-$0.41","$0","-$0.41","BTC","$19,303.20","0.00002124","COMPLETED","Round Ups: purchase of BTC 0.00002124","","Your Cash"
"64w2sd","2022-09-30 20:59:19 PDT","Bitcoin Sale","USD","$48.76","-$1.10","$47.66","BTC","$19,412.76","0.00251175","COMPLETED","sale of BTC 0.00251175","","Your Cash"
"injqh7","2022-09-30 16:36:07 PDT","Bitcoin Buy","USD","-$48.88","-$1.12","-$50","BTC","$19,460.54","0.00251175","COMPLETED","purchase of BTC 0.00251175","","Your Cash"
"cfp00y","2022-09-30 11:13:18 PDT","Bitcoin Sale","USD","$1.39","-$0.04","$1.35","BTC","$19,707.93","0.00007053","COMPLETED","sale of BTC 0.00007053","","Your Cash"
"bc0ohk","2022-09-30 07:56:34 PDT","Bitcoin Buy","USD","-$0.01","$0","-$0.01","BTC","$20,000","5.0E-7","COMPLETED","Round Ups: purchase of BTC 5.0E-7","","Your Cash"
"7xtw04","2022-09-30 04:58:39 PDT","Bitcoin Buy","USD","-$0.63","$0","-$0.63","BTC","$19,432.45","0.00003242","COMPLETED","Round Ups: purchase of BTC 0.00003242","","Your Cash"
"ryjh1y","2022-09-29 13:06:11 PDT","Bitcoin Buy","USD","-$0.01","$0","-$0.01","BTC","$19,230.77","5.2E-7","COMPLETED","Round Ups: purchase of BTC 5.2E-7","","Your Cash"
"3olyl1","2022-09-29 05:09:19 PDT","Bitcoin Buy","USD","-$0.72","$0","-$0.72","BTC","$19,412.24","0.00003709","COMPLETED","Round Ups: purchase of BTC 0.00003709","","Your Cash"
"52bs01","2022-09-26 21:46:03 PDT","Bitcoin Sale","USD","$4.83","-$0.14","$4.69","BTC","$20,011.60","0.00024136","COMPLETED","sale of BTC 0.00024136","","Your Cash"
"7rgthx","2022-09-26 08:15:17 PDT","Bitcoin Buy","USD","-$0.30","$0","-$0.30","BTC","$19,108.28","0.00001570","COMPLETED","Round Ups: purchase of BTC 0.00001570","","Your Cash"
"ig1kfg","2022-09-26 06:19:03 PDT","Bitcoin Buy","USD","-$0.78","$0","-$0.78","BTC","$19,080.23","0.00004088","COMPLETED","Round Ups: purchase of BTC 0.00004088","","Your Cash"
"5y52px","2022-09-24 20:24:30 PDT","Bitcoin Buy","USD","-$0.95","$0","-$0.95","BTC","$19,038.08","0.00004990","COMPLETED","Round Ups: purchase of BTC 0.00004990","","Your Cash"
"klqnfa","2022-09-24 05:09:00 PDT","Bitcoin Buy","USD","-$0.72","$0","-$0.72","BTC","$19,082.96","0.00003773","COMPLETED","Round Ups: purchase of BTC 0.00003773","","Your Cash"
"ucsiiu","2022-09-23 07:15:01 PDT","Bitcoin Buy","USD","-$0.47","$0","-$0.47","BTC","$18,628.62","0.00002523","COMPLETED","Round Ups: purchase of BTC 0.00002523","","Your Cash"
"ozbbtr","2022-09-23 07:13:15 PDT","Bitcoin Buy","USD","-$0.42","$0","-$0.42","BTC","$18,633.54","0.00002254","COMPLETED","Round Ups: purchase of BTC 0.00002254","","Your Cash"
"016y8i","2022-09-23 07:13:14 PDT","Bitcoin Buy","USD","-$0.92","$0","-$0.92","BTC","$18,631.02","0.00004938","COMPLETED","Round Ups: purchase of BTC 0.00004938","","Your Cash"
"1v69ey","2022-09-23 06:16:40 PDT","Bitcoin Sale","USD","$1.52","-$0.05","$1.47","BTC","$18,990.50","0.00008004","COMPLETED","sale of BTC 0.00008004","","Your Cash"
"fjw48b","2022-09-21 10:02:41 PDT","Bitcoin Buy","USD","-$0.68","$0","-$0.68","BTC","$19,279.84","0.00003527","COMPLETED","Round Ups: purchase of BTC 0.00003527","","Your Cash"
"peqoij","2022-09-18 05:19:46 PDT","Bitcoin Buy","USD","-$0.53","$0","-$0.53","BTC","$19,879.97","0.00002666","COMPLETED","Round Ups: purchase of BTC 0.00002666","","Your Cash"
"gxkmxg","2022-09-17 06:35:40 PDT","Bitcoin Buy","USD","-$0.36","$0","-$0.36","BTC","$19,878.52","0.00001811","COMPLETED","Round Ups: purchase of BTC 0.00001811","","Your Cash"
"o8uxcg","2022-09-16 14:57:34 PDT","Bitcoin Sale","USD","$2.31","-$0.07","$2.24","BTC","$19,654.56","0.00011753","COMPLETED","sale of BTC 0.00011753","","Your Cash"
"lyf6cr","2022-09-16 12:01:58 PDT","Bitcoin Buy","USD","-$0.93","$0","-$0.93","BTC","$19,566.59","0.00004753","COMPLETED","Round Ups: purchase of BTC 0.00004753","","Your Cash"
"l92sco","2022-09-16 05:06:16 PDT","Bitcoin Buy","USD","-$0.60","$0","-$0.60","BTC","$19,841.27","0.00003024","COMPLETED","Round Ups: purchase of BTC 0.00003024","","Your Cash"
"db9wmn","2022-09-16 05:01:02 PDT","Bitcoin Buy","USD","-$0.79","$0","-$0.79","BTC","$19,869.22","0.00003976","COMPLETED","Round Ups: purchase of BTC 0.00003976","","Your Cash"
"0iiyom","2022-09-15 10:24:58 PDT","Bitcoin Sale","USD","$2.40","-$0.07","$2.33","BTC","$19,836.35","0.00012099","COMPLETED","sale of BTC 0.00012099","","Your Cash"
"k9ofle","2022-09-15 04:47:39 PDT","Bitcoin Buy","USD","-$0.92","$0","-$0.92","BTC","$20,153.34","0.00004565","COMPLETED","Round Ups: purchase of BTC 0.00004565","","Your Cash"
"m3xbxb","2022-09-15 04:47:39 PDT","Bitcoin Buy","USD","-$0.25","$0","-$0.25","BTC","$20,145.04","0.00001241","COMPLETED","Round Ups: purchase of BTC 0.00001241","","Your Cash"
"gdtb5v","2022-09-13 12:12:54 PDT","Bitcoin Buy","USD","-$0.52","$0","-$0.52","BTC","$20,100.50","0.00002587","COMPLETED","Round Ups: purchase of BTC 0.00002587","","Your Cash"
"nadnhd","2022-09-11 05:27:29 PDT","Bitcoin Buy","USD","-$0.80","$0","-$0.80","BTC","$21,586.62","0.00003706","COMPLETED","Round Ups: purchase of BTC 0.00003706","","Your Cash"
"93pjnc","2022-09-10 17:59:42 PDT","Bitcoin Sale","USD","$1.82","-$0.05","$1.77","BTC","$21,452.15","0.00008484","COMPLETED","sale of BTC 0.00008484","","Your Cash"
"hl08yp","2022-09-10 07:35:30 PDT","Bitcoin Buy","USD","-$0.87","$0","-$0.87","BTC","$21,261","0.00004092","COMPLETED","Round Ups: purchase of BTC 0.00004092","","Your Cash"
"urymgq","2022-09-06 09:31:54 PDT","Bitcoin Buy","USD","-$0.31","$0","-$0.31","BTC","$19,732.65","0.00001571","COMPLETED","Round Ups: purchase of BTC 0.00001571","","Your Cash"
"k63ei3","2022-09-05 19:34:19 PDT","Bitcoin Buy","USD","-$0.01","$0","-$0.01","BTC","$19,607.84","5.1E-7","COMPLETED","Round Ups: purchase of BTC 5.1E-7","","Your Cash"
"8900za","2022-09-05 08:53:40 PDT","Bitcoin Buy","USD","-$0.55","$0","-$0.55","BTC","$19,855.60","0.00002770","COMPLETED","Round Ups: purchase of BTC 0.00002770","","Your Cash"
"c1betd","2022-09-04 14:11:49 PDT","Bitcoin Sale","USD","$1.61","-$0.05","$1.56","BTC","$19,771.58","0.00008143","COMPLETED","sale of BTC 0.00008143","","Your Cash"
"5sb2zr","2022-09-04 14:00:02 PDT","Bitcoin Buy","USD","-$0.65","$0","-$0.65","BTC","$19,902.02","0.00003266","COMPLETED","Round Ups: purchase of BTC 0.00003266","","Your Cash"
"4t8jkg","2022-09-04 13:22:42 PDT","Bitcoin Buy","USD","-$0.81","$0","-$0.81","BTC","$19,887.06","0.00004073","COMPLETED","Round Ups: purchase of BTC 0.00004073","","Your Cash"
"sglphw","2022-09-04 10:23:46 PDT","Bitcoin Buy","USD","-$0.16","$0","-$0.16","BTC","$19,900.50","0.00000804","COMPLETED","Round Ups: purchase of BTC 0.00000804","","Your Cash"
"j5z664","2022-09-03 19:29:01 PDT","Bitcoin Sale","USD","$1.95","-$0.06","$1.89","BTC","$19,809.02","0.00009844","COMPLETED","sale of BTC 0.00009844","","Your Cash"
"l7ni70","2022-09-03 18:42:28 PDT","Bitcoin Buy","USD","-$0.89","$0","-$0.89","BTC","$19,817.41","0.00004491","COMPLETED","Round Ups: purchase of BTC 0.00004491","","Your Cash"
"s9ek7s","2022-09-03 17:05:56 PDT","Bitcoin Buy","USD","-$0.61","$0","-$0.61","BTC","$19,824.50","0.00003077","COMPLETED","Round Ups: purchase of BTC 0.00003077","","Your Cash"
"7r4qtn","2022-09-03 15:47:04 PDT","Bitcoin Buy","USD","-$0.18","$0","-$0.18","BTC","$19,801.98","0.00000909","COMPLETED","Round Ups: purchase of BTC 0.00000909","","Your Cash"
"xf59p6","2022-09-03 14:56:36 PDT","Bitcoin Buy","USD","-$0.27","$0","-$0.27","BTC","$19,751.28","0.00001367","COMPLETED","Round Ups: purchase of BTC 0.00001367","","Your Cash"
"gbcey3","2022-09-03 10:32:13 PDT","Bitcoin Sale","USD","$4.29","-$0.13","$4.16","BTC","$19,760.48","0.00021710","COMPLETED","sale of BTC 0.00021710","","Your Cash"
"8q0ztd","2022-09-03 08:03:26 PDT","Bitcoin Buy","USD","-$0.97","$0","-$0.97","BTC","$19,808.05","0.00004897","COMPLETED","Round Ups: purchase of BTC 0.00004897","","Your Cash"
"8w1bup","2022-09-03 07:10:12 PDT","Bitcoin Buy","USD","-$0.18","$0","-$0.18","BTC","$19,845.64","0.00000907","COMPLETED","Round Ups: purchase of BTC 0.00000907","","Your Cash"
"29gzs1","2022-09-02 22:34:56 PDT","Bitcoin Buy","USD","-$0.56","$0","-$0.56","BTC","$19,957.23","0.00002806","COMPLETED","Round Ups: purchase of BTC 0.00002806","","Your Cash"
"nfu1lz","2022-09-02 13:52:40 PDT","Bitcoin Buy","USD","-$0.11","$0","-$0.11","BTC","$19,927.54","0.00000552","COMPLETED","Round Ups: purchase of BTC 0.00000552","","Your Cash"
"ym9w2u","2022-09-02 13:28:42 PDT","Bitcoin Buy","USD","-$0.65","$0","-$0.65","BTC","$19,920.32","0.00003263","COMPLETED","Round Ups: purchase of BTC 0.00003263","","Your Cash"
"ny4lsa","2022-09-02 07:40:49 PDT","Bitcoin Buy","USD","-$0.40","$0","-$0.40","BTC","$20,397.76","0.00001961","COMPLETED","Round Ups: purchase of BTC 0.00001961","","Your Cash"
"w0q1np","2022-09-02 05:18:08 PDT","Bitcoin Buy","USD","-$0.51","$0","-$0.51","BTC","$20,047.17","0.00002544","COMPLETED","Round Ups: purchase of BTC 0.00002544","","Your Cash"
"q8xhsu","2022-09-01 16:33:29 PDT","Bitcoin Buy","USD","-$0.96","$0","-$0.96","BTC","$20,083.68","0.00004780","COMPLETED","Round Ups: purchase of BTC 0.00004780","","Your Cash"
"mugj4i","2022-08-31 15:18:01 PDT","Bitcoin Sale","USD","$1.23","-$0.04","$1.19","BTC","$20,048.90","0.00006135","COMPLETED","sale of BTC 0.00006135","","Your Cash"
"wey3tv","2022-08-31 09:58:34 PDT","Bitcoin Buy","USD","-$0.30","$0","-$0.30","BTC","$20,026.70","0.00001498","COMPLETED","Round Ups: purchase of BTC 0.00001498","","Your Cash"
"dto6bj","2022-08-31 04:59:32 PDT","Bitcoin Buy","USD","-$0.51","$0","-$0.51","BTC","$20,318.73","0.00002510","COMPLETED","Round Ups: purchase of BTC 0.00002510","","Your Cash"
"hngjma","2022-08-31 04:44:26 PDT","Bitcoin Buy","USD","-$0.22","$0","-$0.22","BTC","$20,295.20","0.00001084","COMPLETED","Round Ups: purchase of BTC 0.00001084","","Your Cash"
"x26xgp","2022-08-30 18:40:32 PDT","Bitcoin Buy","USD","-$0.21","$0","-$0.21","BTC","$20,134.23","0.00001043","COMPLETED","Round Ups: purchase of BTC 0.00001043","","Your Cash"
"hsbhke","2022-08-30 10:33:00 PDT","Bitcoin Sale","USD","$1.53","-$0.05","$1.48","BTC","$19,640.56","0.00007790","COMPLETED","sale of BTC 0.00007790","","Your Cash"
"xgbt11","2022-08-29 18:05:20 PDT","Bitcoin Buy","USD","-$0.59","$0","-$0.59","BTC","$20,247.08","0.00002914","COMPLETED","Round Ups: purchase of BTC 0.00002914","","Your Cash"
"pnmwpa","2022-08-29 16:57:58 PDT","Bitcoin Buy","USD","-$0.99","$0","-$0.99","BTC","$20,303.53","0.00004876","COMPLETED","Round Ups: purchase of BTC 0.00004876","","Your Cash"
"x622ug","2022-08-28 15:12:57 PDT","Bitcoin Sale","USD","$1.14","-$0.03","$1.11","BTC","$19,836.44","0.00005747","COMPLETED","sale of BTC 0.00005747","","Your Cash"
"5jtibb","2022-08-28 10:18:57 PDT","Bitcoin Buy","USD","-$0.16","$0","-$0.16","BTC","$20,025.03","0.00000799","COMPLETED","Round Ups: purchase of BTC 0.00000799","","Your Cash"
"2gjjxw","2022-08-27 17:05:23 PDT","Bitcoin Buy","USD","-$0.99","$0","-$0.99","BTC","$20,008.08","0.00004948","COMPLETED","Round Ups: purchase of BTC 0.00004948","","Your Cash"
"l3d7n9","2022-08-27 10:44:03 PDT","Bitcoin Sale","USD","$1.55","-$0.05","$1.50","BTC","$20,020.67","0.00007742","COMPLETED","sale of BTC 0.00007742","","Your Cash"
"3zdp61","2022-08-27 08:07:22 PDT","Bitcoin Buy","USD","-$0.14","$0","-$0.14","BTC","$20,086.08","0.00000697","COMPLETED","Round Ups: purchase of BTC 0.00000697","","Your Cash"
"frotpn","2022-08-27 05:46:27 PDT","Bitcoin Buy","USD","-$0.65","$0","-$0.65","BTC","$20,198.88","0.00003218","COMPLETED","Round Ups: purchase of BTC 0.00003218","","Your Cash"
"wgrsvj","2022-08-26 14:45:49 PDT","Bitcoin Buy","USD","-$0.79","$0","-$0.79","BTC","$20,642.80","0.00003827","COMPLETED","Round Ups: purchase of BTC 0.00003827","","Your Cash"
"2fbtw2","2022-08-23 14:33:58 PDT","Bitcoin Sale","USD","$4.08","-$0.12","$3.96","BTC","$21,401.59","0.00019064","COMPLETED","sale of BTC 0.00019064","","Your Cash"
"nec9eh","2022-08-23 10:09:36 PDT","Bitcoin Buy","USD","-$0.26","$0","-$0.26","BTC","$21,452.15","0.00001212","COMPLETED","Round Ups: purchase of BTC 0.00001212","","Your Cash"
"zg8l1f","2022-08-22 20:01:38 PDT","Bitcoin Buy","USD","-$0.50","$0","-$0.50","BTC","$21,349.27","0.00002342","COMPLETED","Round Ups: purchase of BTC 0.00002342","","Your Cash"
"8yrogy","2022-08-22 13:42:48 PDT","Bitcoin Buy","USD","-$0.92","$0","-$0.92","BTC","$21,139.71","0.00004352","COMPLETED","Round Ups: purchase of BTC 0.00004352","","Your Cash"
"q9d23w","2022-08-22 11:14:09 PDT","Bitcoin Buy","USD","-$0.49","$0","-$0.49","BTC","$21,138.91","0.00002318","COMPLETED","Round Ups: purchase of BTC 0.00002318","","Your Cash"
"djh5f4","2022-08-21 14:07:58 PDT","Bitcoin Buy","USD","-$0.76","$0","-$0.76","BTC","$21,499.29","0.00003535","COMPLETED","Round Ups: purchase of BTC 0.00003535","","Your Cash"
"2q2n4n","2022-08-21 10:21:39 PDT","Bitcoin Buy","USD","-$0.31","$0","-$0.31","BTC","$21,468.14","0.00001444","COMPLETED","Round Ups: purchase of BTC 0.00001444","","Your Cash"
"tkri22","2022-08-21 05:14:32 PDT","Bitcoin Buy","USD","-$0.37","$0","-$0.37","BTC","$21,574.34","0.00001715","COMPLETED","Round Ups: purchase of BTC 0.00001715","","Your Cash"
"9w6fnt","2022-08-20 12:42:54 PDT","Bitcoin Buy","USD","-$0.45","$0","-$0.45","BTC","$20,969.25","0.00002146","COMPLETED","Round Ups: purchase of BTC 0.00002146","","Your Cash"
"uxyfdr","2022-08-20 08:53:03 PDT","Bitcoin Sale","USD","$1.39","-$0.04","$1.35","BTC","$21,234.34","0.00006546","COMPLETED","sale of BTC 0.00006546","","Your Cash"
"g1g264","2022-08-20 08:52:42 PDT","Bitcoin Sale","USD","$1.17","-$0.04","$1.13","BTC","$21,130.58","0.00005537","COMPLETED","sale of BTC 0.00005537","","Your Cash"
"ex8klz","2022-08-19 16:02:57 PDT","Bitcoin Buy","USD","-$0.22","$0","-$0.22","BTC","$21,032.50","0.00001046","COMPLETED","Round Ups: purchase of BTC 0.00001046","","Your Cash"
"o3z32q","2022-08-19 13:43:16 PDT","Bitcoin Buy","USD","-$0.65","$0","-$0.65","BTC","$21,221.03","0.00003063","COMPLETED","Round Ups: purchase of BTC 0.00003063","","Your Cash"
"f7hkca","2022-08-19 11:16:53 PDT","Bitcoin Buy","USD","-$0.52","$0","-$0.52","BTC","$21,337.71","0.00002437","COMPLETED","Round Ups: purchase of BTC 0.00002437","","Your Cash"
"c7zv8b","2022-08-17 04:45:34 PDT","Bitcoin Buy","USD","-$0.41","$0","-$0.41","BTC","$23,754.35","0.00001726","COMPLETED","Round Ups: purchase of BTC 0.00001726","","Your Cash"
"11pd6h","2022-08-15 17:53:01 PDT","Bitcoin Buy","USD","-$0.92","$0","-$0.92","BTC","$24,140.65","0.00003811","COMPLETED","Round Ups: purchase of BTC 0.00003811","","Your Cash"
"8o4gid","2022-08-15 13:57:56 PDT","Bitcoin Sale","USD","$1.82","-$0.05","$1.77","BTC","$23,959.98","0.00007596","COMPLETED","sale of BTC 0.00007596","","Your Cash"
"l890sy","2022-08-14 15:23:42 PDT","Bitcoin Buy","USD","-$0.57","$0","-$0.57","BTC","$24,255.32","0.00002350","COMPLETED","Round Ups: purchase of BTC 0.00002350","","Your Cash"
"3z6z0c","2022-08-14 04:50:54 PDT","Bitcoin Buy","USD","-$0.62","$0","-$0.62","BTC","$24,573.92","0.00002523","COMPLETED","Round Ups: purchase of BTC 0.00002523","","Your Cash"
"nc85jw","2022-08-13 21:26:12 PDT","Bitcoin Buy","USD","-$0.65","$0","-$0.65","BTC","$24,611.89","0.00002641","COMPLETED","Round Ups: purchase of BTC 0.00002641","","Your Cash"
"fxb06e","2022-08-13 16:08:35 PDT","Bitcoin Buy","USD","-$0.02","$0","-$0.02","BTC","$24,390.24","8.2E-7","COMPLETED","Round Ups: purchase of BTC 8.2E-7","","Your Cash"
"8tfgc9","2022-08-09 14:55:06 PDT","Bitcoin Sale","USD","$1.91","-$0.06","$1.85","BTC","$23,182.43","0.00008239","COMPLETED","sale of BTC 0.00008239","","Your Cash"
"84zpbz","2022-08-06 13:36:23 PDT","Bitcoin Buy","USD","-$0.34","$0","-$0.34","BTC","$23,129.25","0.00001470","COMPLETED","Round Ups: purchase of BTC 0.00001470","","Your Cash"
"jt5v8w","2022-08-04 12:52:47 PDT","Bitcoin Buy","USD","-$0.06","$0","-$0.06","BTC","$22,471.91","0.00000267","COMPLETED","Round Ups: purchase of BTC 0.00000267","","Your Cash"
"69wi3u","2022-08-04 12:29:48 PDT","Bitcoin Buy","USD","-$0.13","$0","-$0.13","BTC","$22,608.70","0.00000575","COMPLETED","Round Ups: purchase of BTC 0.00000575","","Your Cash"
"1vzjcc","2022-08-04 05:04:30 PDT","Bitcoin Buy","USD","-$0.48","$0","-$0.48","BTC","$22,966.51","0.00002090","COMPLETED","Round Ups: purchase of BTC 0.00002090","","Your Cash"
"rf1gh9","2022-08-03 05:29:43 PDT","Bitcoin Buy","USD","-$0.56","$0","-$0.56","BTC","$23,450.59","0.00002388","COMPLETED","Round Ups: purchase of BTC 0.00002388","","Your Cash"
"tq4uhp","2022-08-02 18:26:03 PDT","Bitcoin Buy","USD","-$0.33","$0","-$0.33","BTC","$22,774.33","0.00001449","COMPLETED","Round Ups: purchase of BTC 0.00001449","","Your Cash"
"k4sumq","2022-07-31 20:26:42 PDT","Bitcoin Sale","USD","$1.67","-$0.05","$1.62","BTC","$23,356.64","0.00007150","COMPLETED","sale of BTC 0.00007150","","Your Cash"
"sr2yys","2022-07-28 09:58:51 PDT","Bitcoin Buy","USD","-$0.69","$0","-$0.69","BTC","$23,776.71","0.00002902","COMPLETED","Round Ups: purchase of BTC 0.00002902","","Your Cash"
"477g3r","2022-07-25 10:06:13 PDT","Bitcoin Buy","USD","-$0.75","$0","-$0.75","BTC","$21,961.93","0.00003415","COMPLETED","Round Ups: purchase of BTC 0.00003415","","Your Cash"
"v2o4oo","2022-07-24 14:37:34 PDT","Bitcoin Buy","USD","-$0.19","$0","-$0.19","BTC","$22,809.12","0.00000833","COMPLETED","Round Ups: purchase of BTC 0.00000833","","Your Cash"
"5lwqyg","2022-07-24 14:00:49 PDT","Bitcoin Sale","USD","$7.99","-$0.24","$7.75","BTC","$22,711.77","0.00035180","COMPLETED","sale of BTC 0.00035180","","Your Cash"
"aiu435","2022-07-24 10:26:29 PDT","Bitcoin Buy","USD","-$0.81","$0","-$0.81","BTC","$22,849.08","0.00003545","COMPLETED","Round Ups: purchase of BTC 0.00003545","","Your Cash"
"3olahb","2022-07-24 05:23:11 PDT","Bitcoin Buy","USD","-$0.50","$0","-$0.50","BTC","$22,747.95","0.00002198","COMPLETED","Round Ups: purchase of BTC 0.00002198","","Your Cash"
"vgof8j","2022-07-24 05:19:50 PDT","Bitcoin Buy","USD","-$0.52","$0","-$0.52","BTC","$22,747.16","0.00002286","COMPLETED","Round Ups: purchase of BTC 0.00002286","","Your Cash"
"yyvh8w","2022-07-23 14:36:37 PDT","Bitcoin Buy","USD","-$0.14","$0","-$0.14","BTC","$22,292.99","0.00000628","COMPLETED","Round Ups: purchase of BTC 0.00000628","","Your Cash"
"7bpa23","2022-07-23 08:26:50 PDT","Bitcoin Buy","USD","-$0.92","$0","-$0.92","BTC","$22,190.06","0.00004146","COMPLETED","Round Ups: purchase of BTC 0.00004146","","Your Cash"
"nhbdag","2022-07-22 18:32:34 PDT","Bitcoin Buy","USD","-$0.27","$0","-$0.27","BTC","$22,804.05","0.00001184","COMPLETED","Round Ups: purchase of BTC 0.00001184","","Your Cash"
"dzovdd","2022-07-22 15:19:03 PDT","Bitcoin Buy","USD","-$0.65","$0","-$0.65","BTC","$22,711.39","0.00002862","COMPLETED","Round Ups: purchase of BTC 0.00002862","","Your Cash"
"sc1mt7","2022-07-21 14:18:56 PDT","Bitcoin Buy","USD","-$0.45","$0","-$0.45","BTC","$23,136.25","0.00001945","COMPLETED","Round Ups: purchase of BTC 0.00001945","","Your Cash"
"s0thph","2022-07-21 12:27:52 PDT","Bitcoin Buy","USD","-$0.63","$0","-$0.63","BTC","$23,068.47","0.00002731","COMPLETED","Round Ups: purchase of BTC 0.00002731","","Your Cash"
"gzfuqh","2022-07-20 08:29:35 PDT","Bitcoin Buy","USD","-$0.72","$0","-$0.72","BTC","$24,226.11","0.00002972","COMPLETED","Round Ups: purchase of BTC 0.00002972","","Your Cash"
"ewqgb5","2022-07-20 06:05:32 PDT","Bitcoin Buy","USD","-$0.43","$0","-$0.43","BTC","$23,822.71","0.00001805","COMPLETED","Round Ups: purchase of BTC 0.00001805","","Your Cash"
"yjoib4","2022-07-19 11:54:34 PDT","Bitcoin Buy","USD","-$0.22","$0","-$0.22","BTC","$23,429.18","0.00000939","COMPLETED","Round Ups: purchase of BTC 0.00000939","","Your Cash"
"osl2m9","2022-07-18 20:07:47 PDT","Bitcoin Buy","USD","-$0.36","$0","-$0.36","BTC","$22,113.02","0.00001628","COMPLETED","Round Ups: purchase of BTC 0.00001628","","Your Cash"
"432fs7","2022-07-18 11:05:04 PDT","Bitcoin Buy","USD","-$0.90","$0","-$0.90","BTC","$21,860.58","0.00004117","COMPLETED","Round Ups: purchase of BTC 0.00004117","","Your Cash"
"5ga67b","2022-07-17 05:27:25 PDT","Bitcoin Buy","USD","-$0.47","$0","-$0.47","BTC","$21,422.06","0.00002194","COMPLETED","Round Ups: purchase of BTC 0.00002194","","Your Cash"
"wsfry4","2022-07-16 20:39:38 PDT","Bitcoin Sale","USD","$5.30","-$0.16","$5.14","BTC","$21,362.35","0.00024810","COMPLETED","sale of BTC 0.00024810","","Your Cash"
"ljyleb","2022-07-14 15:18:14 PDT","Bitcoin Buy","USD","-$0.57","$0","-$0.57","BTC","$20,488.86","0.00002782","COMPLETED","Round Ups: purchase of BTC 0.00002782","","Your Cash"
"jtpfph","2022-07-14 09:57:16 PDT","Bitcoin Buy","USD","-$0.90","$0","-$0.90","BTC","$20,197.49","0.00004456","COMPLETED","Round Ups: purchase of BTC 0.00004456","","Your Cash"
"ftxuge","2022-07-12 13:01:41 PDT","Bitcoin Buy","USD","-$0.76","$0","-$0.76","BTC","$19,412.52","0.00003915","COMPLETED","Round Ups: purchase of BTC 0.00003915","","Your Cash"
"2qfhu0","2022-07-12 08:05:19 PDT","Bitcoin Buy","USD","-$0.92","$0","-$0.92","BTC","$19,922.04","0.00004618","COMPLETED","Round Ups: purchase of BTC 0.00004618","","Your Cash"
"19ztmo","2022-07-12 05:30:29 PDT","Bitcoin Buy","USD","-$0.52","$0","-$0.52","BTC","$19,877.68","0.00002616","COMPLETED","Round Ups: purchase of BTC 0.00002616","","Your Cash"
"90mydc","2022-07-11 20:55:50 PDT","Bitcoin Buy","USD","-$0.65","$0","-$0.65","BTC","$19,914.22","0.00003264","COMPLETED","Round Ups: purchase of BTC 0.00003264","","Your Cash"
"lyoywe","2022-07-10 18:58:16 PDT","Bitcoin Buy","USD","-$0.65","$0","-$0.65","BTC","$20,576.13","0.00003159","COMPLETED","Round Ups: purchase of BTC 0.00003159","","Your Cash"
"rmeh7m","2022-07-10 16:01:35 PDT","Bitcoin Sale","USD","$1.10","-$0.03","$1.07","BTC","$20,797.88","0.00005289","COMPLETED","sale of BTC 0.00005289","","Your Cash"
"mi31tf","2022-07-05 09:12:42 PDT","Bitcoin Buy","USD","-$0.16","$0","-$0.16","BTC","$19,559.90","0.00000818","COMPLETED","Round Ups: purchase of BTC 0.00000818","","Your Cash"
"r8uhik","2022-07-03 14:28:27 PDT","Bitcoin Buy","USD","-$0.03","$0","-$0.03","BTC","$19,230.77","0.00000156","COMPLETED","Round Ups: purchase of BTC 0.00000156","","Your Cash"
"thj2wu","2022-07-03 12:54:14 PDT","Bitcoin Buy","USD","-$0.84","$0","-$0.84","BTC","$19,466.98","0.00004315","COMPLETED","Round Ups: purchase of BTC 0.00004315","","Your Cash"
"b7zc9d","2022-07-02 20:21:17 PDT","Bitcoin Sale","USD","$54.69","-$1.24","$53.45","BTC","$19,236.86","0.00284298","COMPLETED","sale of BTC 0.00284298","","Your Cash"
"jdnbdn","2022-07-02 20:09:30 PDT","Bitcoin Withdrawal","USD","-$500.07","-$2.10","-$502.17","BTC","$19,234.18","0.02610894","COMPLETED","Withdrawing BTC 0.02599943 with fee BTC 0.00010951.","","Your Cash"
"x3m84a","2022-07-02 20:08:22 PDT","Bitcoin Deposit","USD","$413.40","$0","$413.40","BTC","$19,230.26","0.02149784","COMPLETED","Bitcoin Credit","","Your Cash"
"5bkctc","2022-07-02 19:09:58 PDT","Bitcoin Deposit","USD","$142.78","$0","$142.78","BTC","$19,168.32","0.00744911","COMPLETED","Bitcoin Credit","","Your Cash"
"ikzskk","2022-07-02 17:39:03 PDT","Bitcoin Withdrawal","USD","-$0.99","-$1.02","-$2.01","BTC","$19,207.53","0.00010563","COMPLETED","Withdrawing BTC 0.00005206 with fee BTC 0.00005357.","","Your Cash"
"kp4itv","2022-07-02 17:34:40 PDT","Bitcoin Buy","USD","-$1.94","-$0.06","-$2","BTC","$19,162.39","0.00010124","COMPLETED","purchase of BTC 0.00010124","","Your Cash"
"zxd8b4","2022-07-02 16:47:25 PDT","Bitcoin Buy","USD","-$0.10","$0","-$0.10","BTC","$19,230.77","0.00000520","COMPLETED","Round Ups: purchase of BTC 0.00000520","","Your Cash"
"6rbh47","2022-07-02 14:02:07 PDT","Bitcoin Buy","USD","-$0.08","$0","-$0.08","BTC","$19,230.77","0.00000416","COMPLETED","Round Ups: purchase of BTC 0.00000416","","Your Cash"
"m8ebhc","2022-05-26 19:54:00 PDT","Bitcoin Sale","USD","$57.73","-$1.30","$56.43","BTC","$28,865","0.00200000","COMPLETED","sale of BTC 0.00200000","","Your Cash"
"zp051v","2022-05-26 17:56:41 PDT","Bitcoin Deposit","USD","$58.09","$0","$58.09","BTC","$29,045.25","0.002","COMPLETED","Bitcoin Credit","","Your Cash"
"8rv5xu","2022-05-18 08:08:13 PDT","Bitcoin Sale","USD","$115.78","-$2.33","$113.45","BTC","$29,131.22","0.00397443","COMPLETED","sale of BTC 0.00397443","","Your Cash"
"z6imww","2022-05-18 06:58:08 PDT","Bitcoin Buy","USD","-$116.61","-$2.39","-$119","BTC","$29,340.06","0.00397443","COMPLETED","purchase of BTC 0.00397443","","Your Cash"
"818eec","2022-04-24 09:59:33 PDT","Bitcoin Sale","USD","$298.39","-$5.25","$293.14","BTC","$39,532.80","0.00754791","COMPLETED","sale of BTC 0.00754791","","Your Cash"
"sa8mtw","2022-04-23 18:42:00 PDT","Bitcoin Sale","USD","$100","-$2.25","$97.75","BTC","$39,581.07","0.00252646","COMPLETED","sale of BTC 0.00252646","","Your Cash"
"pm3zyj","2022-04-23 12:53:58 PDT","Bitcoin Sale","USD","$100","-$2.25","$97.75","BTC","$39,736.78","0.00251656","COMPLETED","sale of BTC 0.00251656","","Your Cash"
"fsjfpq","2022-04-23 10:48:19 PDT","Bitcoin Sale","USD","$259","-$4.54","$254.46","BTC","$39,785.44","0.00650992","COMPLETED","sale of BTC 0.00650992","","Your Cash"
"wmsty9","2022-04-22 19:44:06 PDT","Bitcoin Sale","USD","$750","-$13.17","$736.83","BTC","$39,516.15","0.01897958","COMPLETED","sale of BTC 0.01897958","","Your Cash"
"hlxb59","2022-04-22 11:37:05 PDT","Bitcoin Sale","USD","$437","-$7.68","$429.32","BTC","$39,410.66","0.01108837","COMPLETED","sale of BTC 0.01108837","","Your Cash"
"y4i86z","2022-04-21 23:01:34 PDT","Bitcoin Sale","USD","$258","-$4.53","$253.47","BTC","$40,681.75","0.00634191","COMPLETED","sale of BTC 0.00634191","","Your Cash"
"u6q0lv","2022-04-21 13:53:54 PDT","Bitcoin Sale","USD","$2,200","-$27.64","$2,172.36","BTC","$40,763.92","0.05396929","COMPLETED","sale of BTC 0.05396929","","Your Cash"
"wo8h08","2022-04-21 13:53:10 PDT","Bitcoin Deposit","USD","$4,464.36","$0","$4,464.36","BTC","$40,777.93","0.10948","COMPLETED","Bitcoin Credit","","Your Cash"
"om70ok","2022-04-05 17:59:41 PDT","Bitcoin Sale","USD","$498.28","-$8.75","$489.53","BTC","$45,060.02","0.01105814","COMPLETED","sale of BTC 0.01105814","","Your Cash"
"y5towf","2022-04-04 11:34:40 PDT","Bitcoin Sale","USD","$187","-$3.75","$183.25","BTC","$45,285.25","0.00412938","COMPLETED","sale of BTC 0.00412938","","Your Cash"
"7igbw7","2022-04-03 20:49:36 PDT","Bitcoin Sale","USD","$177","-$3.55","$173.45","BTC","$46,115.37","0.00383820","COMPLETED","sale of BTC 0.00383820","","Your Cash"
"fhbk3k","2022-04-03 15:48:12 PDT","Bitcoin Sale","USD","$119","-$2.39","$116.61","BTC","$47,308.96","0.00251538","COMPLETED","sale of BTC 0.00251538","","Your Cash"
"2fguun","2022-04-03 13:43:23 PDT","Bitcoin Sale","USD","$1,000","-$17.57","$982.43","BTC","$46,456.90","0.02152533","COMPLETED","sale of BTC 0.02152533","","Your Cash"
"u72l1b","2022-04-03 13:09:39 PDT","Bitcoin Sale","USD","$491","-$8.61","$482.39","BTC","$46,440.93","0.01057257","COMPLETED","sale of BTC 0.01057257","","Your Cash"
"h2vrfe","2022-04-03 12:31:21 PDT","Bitcoin Deposit","USD","$2,495.17","$0","$2,495.17","BTC","$46,517.94","0.053639","COMPLETED","Bitcoin Credit","","Your Cash"
"7piyem","2022-03-31 17:39:24 PDT","Bitcoin Sale","USD","$958.26","-$16.83","$941.43","BTC","$45,550.57","0.02103728","COMPLETED","sale of BTC 0.02103728","","Your Cash"
"sr9hzz","2022-03-29 11:48:23 PDT","Bitcoin Sale","USD","$983","-$17.27","$965.73","BTC","$47,562.53","0.02066753","COMPLETED","sale of BTC 0.02066753","","Your Cash"
"6x2oaa","2022-03-28 13:05:39 PDT","Bitcoin Sale","USD","$518","-$9.10","$508.90","BTC","$47,956.61","0.01080143","COMPLETED","sale of BTC 0.01080143","","Your Cash"
"kc0obc","2022-03-28 11:01:00 PDT","Bitcoin Sale","USD","$462","-$8.13","$453.87","BTC","$47,624.25","0.00970094","COMPLETED","sale of BTC 0.00970094","","Your Cash"
"wxlat9","2022-03-27 14:53:10 PDT","Bitcoin Sale","USD","$229","-$4.04","$224.96","BTC","$46,641.60","0.00490978","COMPLETED","sale of BTC 0.00490978","","Your Cash"
"gkf9ju","2022-03-26 21:24:19 PDT","Bitcoin Sale","USD","$1,393","-$21","$1,372","BTC","$44,700.25","0.03116314","COMPLETED","sale of BTC 0.03116314","","Your Cash"
"rs2k42","2022-03-26 20:33:45 PDT","Bitcoin Deposit","USD","$4,393.67","$0","$4,393.67","BTC","$44,705.67","0.0982801","COMPLETED","Bitcoin Credit","","Your Cash"
"49m4vr","2022-03-24 12:57:09 PDT","Bitcoin Sale","USD","$515.65","-$9.06","$506.59","BTC","$43,955.73","0.01173112","COMPLETED","sale of BTC 0.01173112","","Your Cash"
"yj02sh","2022-03-23 16:59:15 PDT","Bitcoin Sale","USD","$510","-$8.97","$501.03","BTC","$42,931.03","0.01187952","COMPLETED","sale of BTC 0.01187952","","Your Cash"
"mo12z5","2022-03-23 15:56:33 PDT","Bitcoin Sale","USD","$3,000","-$37.82","$2,962.18","BTC","$42,538.66","0.07052408","COMPLETED","sale of BTC 0.07052408","","Your Cash"
"zk2b2y","2022-03-23 10:13:18 PDT","Bitcoin Sale","USD","$1,034","-$15.60","$1,018.40","BTC","$42,501.98","0.02432828","COMPLETED","sale of BTC 0.02432828","","Your Cash"
"grxvkz","2022-03-23 07:51:44 PDT","Bitcoin Deposit","USD","$3,953.96","$0","$3,953.96","BTC","$42,305.10","0.093463","COMPLETED","Bitcoin Credit","","Your Cash"
"udv8ep","2022-03-22 22:38:42 PDT","Bitcoin Deposit","USD","$1,048.80","$0","$1,048.80","BTC","$41,952.04","0.025","COMPLETED","Bitcoin Credit","","Your Cash"
"4k12nn","2022-03-19 15:53:39 PDT","Bitcoin Sale","USD","$204.10","-$3.59","$200.51","BTC","$41,956.78","0.00486453","COMPLETED","sale of BTC 0.00486453","","Your Cash"
"1kdkyf","2022-03-18 21:43:01 PDT","Bitcoin Sale","USD","$23","-$0.52","$22.48","BTC","$41,878.33","0.00054921","COMPLETED","sale of BTC 0.00054921","","Your Cash"
"m5rrt8","2022-03-18 17:02:03 PDT","Bitcoin Sale","USD","$25","-$0.56","$24.44","BTC","$41,808.82","0.00059796","COMPLETED","sale of BTC 0.00059796","","Your Cash"
"vh1j45","2022-03-18 15:53:20 PDT","Bitcoin Sale","USD","$39","-$0.88","$38.12","BTC","$41,757.23","0.00093397","COMPLETED","sale of BTC 0.00093397","","Your Cash"
"w88uhi","2022-03-18 15:38:51 PDT","Bitcoin Sale","USD","$90","-$2.03","$87.97","BTC","$41,712.43","0.00215763","COMPLETED","sale of BTC 0.00215763","","Your Cash"
"gpcf8o","2022-03-18 15:19:54 PDT","Bitcoin Sale","USD","$42","-$0.94","$41.06","BTC","$41,764.03","0.00100565","COMPLETED","sale of BTC 0.00100565","","Your Cash"
"x7ou7m","2022-03-18 14:37:30 PDT","Bitcoin Buy","USD","-$245.60","-$4.40","-$250","BTC","$41,682.58","0.00589215","COMPLETED","purchase of BTC 0.00589215","","Your Cash"
"p8ghxs","2022-03-15 22:04:01 PDT","Bitcoin Sale","USD","$55","-$1.25","$53.75","BTC","$39,079.43","0.00140739","COMPLETED","sale of BTC 0.00140739","","Your Cash"
"5d8550","2022-03-15 21:07:09 PDT","Bitcoin Sale","USD","$74","-$1.67","$72.33","BTC","$39,153.44","0.00189000","COMPLETED","sale of BTC 0.00189000","","Your Cash"
"5sx4n7","2022-03-15 18:27:36 PDT","Bitcoin Buy","USD","-$294.74","-$5.26","-$300","BTC","$39,224.45","0.00751419","COMPLETED","purchase of BTC 0.00751419","","Your Cash"
"ca4a7o","2022-02-03 18:38:48 PST","Bitcoin Sale","USD","$272.42","-$4.79","$267.63","BTC","$37,313.21","0.00730090","COMPLETED","sale of BTC 0.00730090","","Your Cash"
"8ttuy4","2022-02-03 18:05:08 PST","Bitcoin Deposit","USD","$271.52","$0","$271.52","BTC","$37,190","0.0073009","COMPLETED","Bitcoin Credit","","Your Cash"
"i05b0v","2021-10-30 00:22:24 PDT","Bitcoin Sale","USD","$43.51","-$0.98","$42.53","BTC","$61,640.25","0.00070587","COMPLETED","sale of BTC 0.00070587","","Your Cash"
"sssdqx","2021-10-29 14:22:04 PDT","Bitcoin Buy","USD","-$43.99","-$1.01","-$45","BTC","$62,320.26","0.00070587","COMPLETED","purchase of BTC 0.00070587","","Your Cash"
"2pipg6","2021-08-13 10:05:40 PDT","Bitcoin Sale","USD","$139.92","-$2.81","$137.11","BTC","$46,503.59","0.00300880","COMPLETED","sale of BTC 0.00300880","","Your Cash"
"zei1no","2021-08-09 00:19:31 PDT","Bitcoin Deposit","USD","$130.74","$0","$130.74","BTC","$43,454.24","0.0030088","COMPLETED","Bitcoin Credit","","Your Cash"
"li1vqh","2021-07-29 06:37:03 PDT","Bitcoin Sale","USD","$22.76","-$0.51","$22.25","BTC","$39,929.82","0.00057000","COMPLETED","sale of BTC 0.00057000","","Your Cash"
"6prusq","2021-07-29 04:32:38 PDT","Bitcoin Deposit","USD","$22.89","$0","$22.89","BTC","$40,162.59","0.00057","COMPLETED","Bitcoin Credit","","Your Cash"
"3m9bje","2021-07-28 02:38:21 PDT","Bitcoin Sale","USD","$52.95","-$1.19","$51.76","BTC","$39,812.03","0.00133000","COMPLETED","sale of BTC 0.00133000","","Your Cash"
"6wcr51","2021-07-28 01:56:31 PDT","Bitcoin Deposit","USD","$52.56","$0","$52.56","BTC","$39,524.51","0.00133","COMPLETED","Bitcoin Credit","","Your Cash"
"agvxy9","2021-07-15 09:44:18 PDT","Bitcoin Sale","USD","$49.36","-$1.12","$48.24","BTC","$31,617.11","0.00156118","COMPLETED","sale of BTC 0.00156118","","Your Cash"
"fogjat","2021-07-15 06:56:58 PDT","Bitcoin Sale","USD","$50","-$1.13","$48.87","BTC","$31,871.09","0.00156882","COMPLETED","sale of BTC 0.00156882","","Your Cash"
"8mhfpm","2021-07-14 10:39:23 PDT","Bitcoin Deposit","USD","$102.71","$0","$102.71","BTC","$32,815.22","0.00313","COMPLETED","Bitcoin Credit","","Your Cash"
"0vyz9l","2021-06-24 12:18:31 PDT","Bitcoin Sale","USD","$35.90","-$0.81","$35.09","BTC","$34,854.37","0.00103000","COMPLETED","sale of BTC 0.00103000","","Your Cash"
"dusuqp","2021-06-24 11:39:23 PDT","Bitcoin Deposit","USD","$36.07","$0","$36.07","BTC","$35,026.83","0.00103","COMPLETED","Bitcoin Credit","","Your Cash"
"ol4uj6","2021-06-23 09:31:32 PDT","Bitcoin Sale","USD","$134.92","-$2.72","$132.20","BTC","$33,764.10","0.00399596","COMPLETED","sale of BTC 0.00399596","","Your Cash"
"fg01bg","2021-06-23 08:56:42 PDT","Bitcoin Sale","USD","$15","-$0.34","$14.66","BTC","$33,512.81","0.00044759","COMPLETED","sale of BTC 0.00044759","","Your Cash"
"lmw4yi","2021-06-23 08:56:15 PDT","Bitcoin Sale","USD","$50","-$1.13","$48.87","BTC","$33,517.01","0.00149178","COMPLETED","sale of BTC 0.00149178","","Your Cash"
"vha4kg","2021-06-23 08:36:16 PDT","Bitcoin Sale","USD","$38","-$0.86","$37.14","BTC","$33,743.28","0.00112615","COMPLETED","sale of BTC 0.00112615","","Your Cash"
"s72qog","2021-06-23 05:58:53 PDT","Bitcoin Sale","USD","$81","-$1.82","$79.18","BTC","$34,198.57","0.00236852","COMPLETED","sale of BTC 0.00236852","","Your Cash"
"013wd9","2021-06-23 05:15:46 PDT","Bitcoin Deposit","USD","$320.38","$0","$320.38","BTC","$33,974.90","0.00943","COMPLETED","Bitcoin Credit","","Your Cash"
"5p30w5","2021-06-11 23:54:52 PDT","Bitcoin Sale","USD","$85.38","-$1.93","$83.45","BTC","$35,290.62","0.00241934","COMPLETED","sale of BTC 0.00241934","","Your Cash"
"azww3v","2021-06-11 13:40:40 PDT","Bitcoin Sale","USD","$30","-$0.68","$29.32","BTC","$37,299.52","0.00080430","COMPLETED","sale of BTC 0.00080430","","Your Cash"
"hck1wn","2021-06-11 01:24:39 PDT","Bitcoin Deposit","USD","$119.71","$0","$119.71","BTC","$37,135.61","0.00322364","COMPLETED","Bitcoin Credit","","Your Cash"
"rj7tc7","2021-06-03 12:37:21 PDT","Bitcoin Sale","USD","$182.98","-$3.68","$179.30","BTC","$38,603.86","0.00473994","COMPLETED","sale of BTC 0.00473994","","Your Cash"
"eheqfn","2021-06-03 11:10:41 PDT","Bitcoin Sale","USD","$21","-$0.47","$20.53","BTC","$38,880.25","0.00054012","COMPLETED","sale of BTC 0.00054012","","Your Cash"
"otvjvb","2021-06-02 10:52:41 PDT","Bitcoin Sale","USD","$113","-$2.27","$110.73","BTC","$37,951.81","0.00297746","COMPLETED","sale of BTC 0.00297746","","Your Cash"
"9uudaw","2021-06-01 06:28:03 PDT","Bitcoin Deposit","USD","$152.07","$0","$152.07","BTC","$36,388.47","0.0041792","COMPLETED","Bitcoin Credit","","Your Cash"
"8z07k2","2021-05-31 23:51:22 PDT","Bitcoin Sale","USD","$56","-$1.27","$54.73","BTC","$36,846.95","0.00151980","COMPLETED","sale of BTC 0.00151980","","Your Cash"
"yv2bvz","2021-05-31 01:03:56 PDT","Bitcoin Sale","USD","$50","-$1.12","$48.88","BTC","$35,726.28","0.00139953","COMPLETED","sale of BTC 0.00139953","","Your Cash"
"9qsxfe","2021-05-31 01:02:41 PDT","Bitcoin Sale","USD","$160","-$3.22","$156.78","BTC","$35,803.55","0.00446883","COMPLETED","sale of BTC 0.00446883","","Your Cash"
"kl5zb6","2021-05-30 19:03:55 PDT","Bitcoin Sale","USD","$80","-$1.82","$78.18","BTC","$34,903.71","0.00229202","COMPLETED","sale of BTC 0.00229202","","Your Cash"
"25mi8t","2021-05-28 20:44:36 PDT","Bitcoin Sale","USD","$64.14","-$1.44","$62.70","BTC","$36,342","0.00176490","COMPLETED","sale of BTC 0.00176490","","Your Cash"
"pcdyg4","2021-05-28 01:39:07 PDT","Bitcoin Sale","USD","$190","-$3.82","$186.18","BTC","$36,868.86","0.00515340","COMPLETED","sale of BTC 0.00515340","","Your Cash"
"l9z8u8","2021-05-28 01:13:35 PDT","Bitcoin Deposit","USD","$696.88","$0","$696.88","BTC","$36,911.75","0.01887963","COMPLETED","Bitcoin Credit","","Your Cash"
"y5q6px","2021-05-27 01:43:56 PDT","Bitcoin Deposit","USD","$70.04","$0","$70.04","BTC","$38,974.43","0.00179717","COMPLETED","Bitcoin Credit","","Your Cash"
"72s8b7","2021-05-25 12:07:25 PDT","Bitcoin Sale","USD","$58.48","-$1.33","$57.15","BTC","$37,805.62","0.00154686","COMPLETED","sale of BTC 0.00154686","","Your Cash"
"hxn2n4","2021-05-25 05:49:49 PDT","Bitcoin Sale","USD","$58","-$1.31","$56.69","BTC","$37,031.83","0.00156622","COMPLETED","sale of BTC 0.00156622","","Your Cash"
"gjdim7","2021-05-24 23:23:52 PDT","Bitcoin Deposit","USD","$120.14","$0","$120.14","BTC","$38,592.42","0.00311308","COMPLETED","Bitcoin Credit","","Your Cash"
"lnlrpn","2021-05-19 05:55:32 PDT","Bitcoin Sale","USD","$29.31","-$0.80","$28.51","BTC","$32,369.21","0.00090549","COMPLETED","sale of BTC 0.00090549","","Your Cash"
"6sdj0f","2021-05-18 16:51:46 PDT","Bitcoin Buy","USD","-$39.09","-$0.91","-$40","BTC","$43,170","0.00090549","COMPLETED","purchase of BTC 0.00090549","","Your Cash"
"orvj0b","2021-05-17 14:21:00 PDT","Bitcoin Sale","USD","$49.17","-$1.12","$48.05","BTC","$44,382.86","0.00110786","COMPLETED","sale of BTC 0.00110786","","Your Cash"
"rqwu7y","2021-05-16 23:18:04 PDT","Bitcoin Deposit","USD","$49.97","$0","$49.97","BTC","$45,108.84","0.00110786","COMPLETED","Bitcoin Credit","","Your Cash"
"1dp045","2021-05-13 09:38:59 PDT","Bitcoin Sale","USD","$144.75","-$2.93","$141.82","BTC","$50,224.49","0.00288206","COMPLETED","sale of BTC 0.00288206","","Your Cash"
"oxw293","2021-05-12 23:37:46 PDT","Bitcoin Buy","USD","-$146.98","-$3.02","-$150","BTC","$50,998.24","0.00288206","COMPLETED","purchase of BTC 0.00288206","","Your Cash"
"rtmd7h","2021-05-05 13:05:35 PDT","Bitcoin Sale","USD","$149.16","-$2.99","$146.17","BTC","$57,094.52","0.00261251","COMPLETED","sale of BTC 0.00261251","","Your Cash"
"cwwzzk","2021-05-05 11:23:37 PDT","Bitcoin Deposit","USD","$149.92","$0","$149.92","BTC","$57,388.35","0.00261251","COMPLETED","Bitcoin Credit","","Your Cash"
"vsrrdd","2021-04-27 08:43:30 PDT","Bitcoin Sale","USD","$25.09","-$0.56","$24.53","BTC","$55,230.25","0.00045428","COMPLETED","sale of BTC 0.00045428","","Your Cash"
"chvyja","2021-04-27 08:11:01 PDT","Bitcoin Deposit","USD","$24.97","$0","$24.97","BTC","$54,980.56","0.00045428","COMPLETED","Bitcoin Credit","","Your Cash"
"1p1mpc","2021-04-20 12:35:49 PDT","Bitcoin Sale","USD","$149.68","-$3","$146.68","BTC","$56,553.02","0.00264672","COMPLETED","sale of BTC 0.00264672","","Your Cash"
"9prebs","2021-04-20 12:33:23 PDT","Bitcoin Deposit","USD","$149.75","$0","$149.75","BTC","$56,579.75","0.00264672","COMPLETED","Bitcoin Credit","","Your Cash"
"hshmn1","2021-03-26 13:46:44 PDT","Bitcoin Sale","USD","$59.91","-$1.36","$58.55","BTC","$54,073.81","0.00110793","COMPLETED","sale of BTC 0.00110793","","Your Cash"
"6aezs5","2021-03-26 13:45:56 PDT","Bitcoin Deposit","USD","$59.92","$0","$59.92","BTC","$54,084.12","0.00110793","COMPLETED","Bitcoin Credit","","Your Cash"
"mkxy5f","2021-03-22 12:26:45 PDT","Bitcoin Sale","USD","$282.71","-$4.99","$277.72","BTC","$55,842.63","0.00506262","COMPLETED","sale of BTC 0.00506262","","Your Cash"
"fe2zqb","2021-03-22 12:14:21 PDT","Bitcoin Deposit","USD","$283.78","$0","$283.78","BTC","$56,054.24","0.00506262","COMPLETED","Bitcoin Credit","","Your Cash"
"fkwj7w","2021-03-16 17:19:15 PDT","Bitcoin Sale","USD","$201.02","-$3.54","$197.48","BTC","$56,687.63","0.00354610","COMPLETED","sale of BTC 0.00354610","","Your Cash"
"l62h6a","2021-03-16 15:59:35 PDT","Bitcoin Deposit","USD","$199.78","$0","$199.78","BTC","$56,338.17","0.0035461","COMPLETED","Bitcoin Credit","","Your Cash"
"8e43ke","2021-02-28 13:18:18 PST","Bitcoin Sale","USD","$447.83","-$7.93","$439.90","BTC","$45,182.28","0.00991163","COMPLETED","sale of BTC 0.00991163","","Your Cash"
"v8uzn0","2021-02-27 21:34:59 PST","Bitcoin Sale","USD","$50","-$1.13","$48.87","BTC","$45,090.95","0.00110887","COMPLETED","sale of BTC 0.00110887","","Your Cash"
"wp1tf0","2021-02-27 15:41:15 PST","Bitcoin Deposit","USD","$504.31","$0","$504.31","BTC","$45,761.87","0.0110205","COMPLETED","Bitcoin Credit","","Your Cash"
"3ebl2u","2021-02-21 10:00:47 PST","Bitcoin Sale","USD","$101.29","-$2.04","$99.25","BTC","$57,550.81","0.00176001","COMPLETED","sale of BTC 0.00176001","","Your Cash"
"y5gh97","2021-02-20 21:27:42 PST","Bitcoin Deposit","USD","$100.05","$0","$100.05","BTC","$56,851.44","0.00176001","COMPLETED","Bitcoin Credit","","Your Cash"
"luq7eh","2021-02-16 21:11:11 PST","Bitcoin Sale","USD","$76.39","-$1.73","$74.66","BTC","$49,436.01","0.00154523","COMPLETED","sale of BTC 0.00154523","","Your Cash"
"hiqtua","2021-02-16 17:22:55 PST","Bitcoin Deposit","USD","$74.85","$0","$74.85","BTC","$49,171.71","0.00152226","COMPLETED","Bitcoin Credit","","Your Cash"
"eke6te","2021-02-05 01:08:00 PST","Bitcoin Boost","USD","$0.34","$0","$0.34","BTC","$38,202.25","0.0000089","COMPLETED","#boost sale of USD 0.34","","Your Cash"
"m2sljy","2021-02-04 12:18:04 PST","Bitcoin Withdrawal","USD","-$292.72","$0","-$292.72","BTC","$37,679.78","0.0077688","COMPLETED","Withdrawing BTC 0.00776880.","","Your Cash"
"c7vctw","2021-02-04 12:16:13 PST","Bitcoin Buy","USD","-$195.96","-$4.04","-$200","BTC","$37,733.45","0.00519327","COMPLETED","purchase of BTC 0.00519327","","Your Cash"
"cexupx","2021-02-04 12:15:56 PST","Bitcoin Buy","USD","-$97.73","-$2.27","-$100","BTC","$37,739.42","0.00258960","COMPLETED","purchase of BTC 0.00258960","","Your Cash"
"4cy8d0","2020-09-17 15:06:06 PDT","Bitcoin Sale","USD","$29","-$0.66","$28.34","BTC","$10,955.14","0.00264716","COMPLETED","sale of BTC 0.00264716","","Your Cash"
"qeelhm","2020-09-15 12:46:26 PDT","Bitcoin Sale","USD","$1","-$0.03","$0.97","BTC","$10,763.10","0.00009291","COMPLETED","sale of BTC 0.00009291","","Your Cash"
"ivq98n","2020-09-13 11:31:48 PDT","Bitcoin Buy","USD","-$17.60","-$0.40","-$18","BTC","$10,276.83","0.00171259","COMPLETED","purchase of BTC 0.00171259","","Your Cash"
"xt31a0","2020-09-11 22:05:18 PDT","Bitcoin Buy","USD","-$4.85","-$0.15","-$5","BTC","$10,365.91","0.00046788","COMPLETED","purchase of BTC 0.00046788","","Your Cash"
"q8n8fc","2020-09-09 19:47:25 PDT","Bitcoin Buy","USD","-$5.82","-$0.18","-$6","BTC","$10,400.29","0.00055960","COMPLETED","purchase of BTC 0.00055960","","Your Cash"
